	uniprotID	keggID	keggPathways
0	P57703	PA1927	pae00270:cysteine and methionine metabolism // pae00450:selenocompound metabolism // pae01100:metabolic pathways // pae01110:biosynthesis of secondary metabolites // pae01230:biosynthesis of amino acids
1	Q9HYE7	PA3459	pae00250:alanine, aspartate and glutamate metabolism // pae01100:metabolic pathways // pae01110:biosynthesis of secondary metabolites // pae01230:biosynthesis of amino acids
2	Q59636	PA3807	pae00230:purine metabolism // pae00240:pyrimidine metabolism // pae01100:metabolic pathways // pae01110:biosynthesis of secondary metabolites // pae01240:biosynthesis of cofactors
3	Q9I5Z0	PA0546	pae00270:cysteine and methionine metabolism // pae01100:metabolic pathways // pae01110:biosynthesis of secondary metabolites // pae01230:biosynthesis of amino acids // pae01240:biosynthesis of cofactors
4	Q9I3D5	PA1583	pae00020:citrate cycle (tca cycle) // pae00190:oxidative phosphorylation // pae00650:butanoate metabolism // pae01100:metabolic pathways // pae01110:biosynthesis of secondary metabolites // pae01120:microbial metabolism in diverse environments // pae01200:carbon metabolism
5	Q9HYG5	PA3441	No pathways
6	Q51404	PA4470	pae00020:citrate cycle (tca cycle) // pae00620:pyruvate metabolism // pae01100:metabolic pathways // pae01110:biosynthesis of secondary metabolites // pae01120:microbial metabolism in diverse environments // pae01200:carbon metabolism
7	Q9HXB0	PA3903	No pathways
8	Q9HU15	PA5174	pae00061:fatty acid biosynthesis // pae01100:metabolic pathways // pae01212:fatty acid metabolism
9	P05384	PA1804	No pathways
10	Q9HX05	PA4022	pae00010:glycolysis / gluconeogenesis // pae00620:pyruvate metabolism // pae01100:metabolic pathways // pae01110:biosynthesis of secondary metabolites // pae01120:microbial metabolism in diverse environments
11	Q9I2C4	PA1984	pae00010:glycolysis / gluconeogenesis // pae00620:pyruvate metabolism // pae01100:metabolic pathways // pae01110:biosynthesis of secondary metabolites // pae01120:microbial metabolism in diverse environments
12	Q9HZ48	PA3190	pae02010:abc transporters
13	Q9I6H5	PA0316	pae00260:glycine, serine and threonine metabolism // pae00270:cysteine and methionine metabolism // pae00680:methane metabolism // pae01100:metabolic pathways // pae01110:biosynthesis of secondary metabolites // pae01120:microbial metabolism in diverse environments // pae01200:carbon metabolism // pae01230:biosynthesis of amino acids
14	Q9I6E0	PA0353	pae00290:valine, leucine and isoleucine biosynthesis // pae00770:pantothenate and coa biosynthesis // pae01100:metabolic pathways // pae01110:biosynthesis of secondary metabolites // pae01210:2-oxocarboxylic acid metabolism // pae01230:biosynthesis of amino acids
15	Q9I6J1	PA0300	pae02010:abc transporters
16	Q9HW11	PA4395	No pathways
17	P37798	PA4848	pae00061:fatty acid biosynthesis // pae00620:pyruvate metabolism // pae00640:propanoate metabolism // pae01100:metabolic pathways // pae01110:biosynthesis of secondary metabolites // pae01120:microbial metabolism in diverse environments // pae01200:carbon metabolism // pae01212:fatty acid metabolism
18	Q9HVI7	PA4602	pae00260:glycine, serine and threonine metabolism // pae00460:cyanoamino acid metabolism // pae00630:glyoxylate and dicarboxylate metabolism // pae00670:one carbon pool by folate // pae00680:methane metabolism // pae01100:metabolic pathways // pae01110:biosynthesis of secondary metabolites // pae01120:microbial metabolism in diverse environments // pae01200:carbon metabolism // pae01230:biosynthesis of amino acids // pae01240:biosynthesis of cofactors
19	Q9HVA0	PA4696	pae00290:valine, leucine and isoleucine biosynthesis // pae00650:butanoate metabolism // pae00660:c5-branched dibasic acid metabolism // pae00770:pantothenate and coa biosynthesis // pae01100:metabolic pathways // pae01110:biosynthesis of secondary metabolites // pae01210:2-oxocarboxylic acid metabolism // pae01230:biosynthesis of amino acids
20	Q9HXY7	PA3645	pae00061:fatty acid biosynthesis // pae00780:biotin metabolism // pae01100:metabolic pathways // pae01212:fatty acid metabolism // pae01240:biosynthesis of cofactors
21	Q9HVF1	PA4640	pae00020:citrate cycle (tca cycle) // pae00620:pyruvate metabolism // pae01100:metabolic pathways // pae01110:biosynthesis of secondary metabolites // pae01120:microbial metabolism in diverse environments // pae01200:carbon metabolism
22	U5R033	NA	No pathways
23	Q9I6F1	PA0342	pae00240:pyrimidine metabolism // pae00670:one carbon pool by folate // pae01100:metabolic pathways
24	Q9HUQ0	PA4913	pae02010:abc transporters // pae02024:quorum sensing
25	Q9I6L0	PA0280	pae00920:sulfur metabolism // pae02010:abc transporters
26	Q9I4J5	PA1140	pae00230:purine metabolism // pae01100:metabolic pathways // pae01120:microbial metabolism in diverse environments
27	Q9HTT8	PA5257	No pathways
28	Q9I4H8	PA1159	No pathways
29	Q9HZ06	PA3234	No pathways
30	Q9HZE0	PA3068	pae00220:arginine biosynthesis // pae00250:alanine, aspartate and glutamate metabolism // pae00430:taurine and hypotaurine metabolism // pae00910:nitrogen metabolism // pae01100:metabolic pathways // pae01120:microbial metabolism in diverse environments
31	Q9I2W9	PA1770	pae00010:glycolysis / gluconeogenesis // pae00620:pyruvate metabolism // pae00680:methane metabolism // pae01100:metabolic pathways // pae01110:biosynthesis of secondary metabolites // pae01120:microbial metabolism in diverse environments // pae01200:carbon metabolism
32	O69077	PA0904	pae00260:glycine, serine and threonine metabolism // pae00261:monobactam biosynthesis // pae00270:cysteine and methionine metabolism // pae00300:lysine biosynthesis // pae01100:metabolic pathways // pae01110:biosynthesis of secondary metabolites // pae01120:microbial metabolism in diverse environments // pae01210:2-oxocarboxylic acid metabolism // pae01230:biosynthesis of amino acids
33	Q9I5Y8	PA0548	pae00030:pentose phosphate pathway // pae01100:metabolic pathways // pae01110:biosynthesis of secondary metabolites // pae01120:microbial metabolism in diverse environments // pae01200:carbon metabolism // pae01230:biosynthesis of amino acids
34	Q9HZP5	PA2953	No pathways
35	Q9HVA3	PA4693	pae00260:glycine, serine and threonine metabolism // pae00564:glycerophospholipid metabolism // pae01100:metabolic pathways // pae01110:biosynthesis of secondary metabolites
36	P53593	PA1588	pae00020:citrate cycle (tca cycle) // pae00640:propanoate metabolism // pae00660:c5-branched dibasic acid metabolism // pae01100:metabolic pathways // pae01110:biosynthesis of secondary metabolites // pae01120:microbial metabolism in diverse environments // pae01200:carbon metabolism
37	Q9I6T9	PA0196	pae00760:nicotinate and nicotinamide metabolism // pae01100:metabolic pathways
38	Q9I0J6	PA2642	pae00190:oxidative phosphorylation // pae01100:metabolic pathways
39	Q9HW15	PA4389	pae00061:fatty acid biosynthesis // pae00780:biotin metabolism // pae01100:metabolic pathways // pae01110:biosynthesis of secondary metabolites // pae01212:fatty acid metabolism // pae01240:biosynthesis of cofactors
40	Q9HT28	PA5546	No pathways
41	Q51485	PA3186	No pathways
42	Q9I702	PA0130	pae00280:valine, leucine and isoleucine degradation // pae00410:beta-alanine metabolism // pae00562:inositol phosphate metabolism // pae00640:propanoate metabolism // pae01100:metabolic pathways // pae01200:carbon metabolism
43	Q9I696	PA0413	pae02020:two-component system // pae02025:biofilm formation - pseudomonas aeruginosa
44	P08308	PA5172	pae00220:arginine biosynthesis // pae01100:metabolic pathways // pae01110:biosynthesis of secondary metabolites // pae01230:biosynthesis of amino acids
45	Q9I671	PA0447	pae00071:fatty acid degradation // pae00310:lysine degradation // pae00362:benzoate degradation // pae00380:tryptophan metabolism // pae01100:metabolic pathways // pae01110:biosynthesis of secondary metabolites // pae01120:microbial metabolism in diverse environments
46	Q9I6Z3	PA0139	No pathways
47	Q9HXJ4	PA3803	pae00900:terpenoid backbone biosynthesis // pae01100:metabolic pathways // pae01110:biosynthesis of secondary metabolites
48	Q9HUC5	PA5054	No pathways
49	Q9I687	PA0430	pae00670:one carbon pool by folate // pae01100:metabolic pathways // pae01120:microbial metabolism in diverse environments // pae01200:carbon metabolism
50	Q9HWD2	PA4266	No pathways
51	P46384	PA0408	pae02020:two-component system // pae02025:biofilm formation - pseudomonas aeruginosa
52	U5R0T9	NA	No pathways
53	P57112	PA2991	pae00760:nicotinate and nicotinamide metabolism // pae01100:metabolic pathways
54	Q9I672	PA0446	No pathways
55	Q9HZU2	PA2905	pae00860:porphyrin and chlorophyll metabolism // pae01100:metabolic pathways // pae01240:biosynthesis of cofactors
56	P31961	PA3194	pae00030:pentose phosphate pathway // pae01100:metabolic pathways // pae01120:microbial metabolism in diverse environments // pae01200:carbon metabolism
57	Q9HVV5	PA4463	No pathways
58	Q9I2V5	PA1787	pae00020:citrate cycle (tca cycle) // pae00630:glyoxylate and dicarboxylate metabolism // pae00640:propanoate metabolism // pae01100:metabolic pathways // pae01110:biosynthesis of secondary metabolites // pae01120:microbial metabolism in diverse environments // pae01200:carbon metabolism // pae01210:2-oxocarboxylic acid metabolism // pae01230:biosynthesis of amino acids
59	G3XD89	PA3790	No pathways
60	Q9HTD0	PA5436	pae00020:citrate cycle (tca cycle) // pae00620:pyruvate metabolism // pae01100:metabolic pathways // pae01120:microbial metabolism in diverse environments // pae01200:carbon metabolism // pae01230:biosynthesis of amino acids
61	Q9I4X2	PA0997	pae00405:phenazine biosynthesis // pae01110:biosynthesis of secondary metabolites // pae02024:quorum sensing // pae02025:biofilm formation - pseudomonas aeruginosa
62	Q51561	PA4270	pae03020:rna polymerase
63	Q9I5E3	PA0795	pae00640:propanoate metabolism // pae01100:metabolic pathways
64	Q9HZJ2	PA3014	pae00071:fatty acid degradation // pae00280:valine, leucine and isoleucine degradation // pae00281:geraniol degradation // pae00310:lysine degradation // pae00362:benzoate degradation // pae00380:tryptophan metabolism // pae00410:beta-alanine metabolism // pae00640:propanoate metabolism // pae00650:butanoate metabolism // pae00903:limonene and pinene degradation // pae00930:caprolactam degradation // pae01100:metabolic pathways // pae01110:biosynthesis of secondary metabolites // pae01120:microbial metabolism in diverse environments // pae01200:carbon metabolism // pae01212:fatty acid metabolism
65	Q9HW72	PA4329	pae00010:glycolysis / gluconeogenesis // pae00230:purine metabolism // pae00620:pyruvate metabolism // pae01100:metabolic pathways // pae01110:biosynthesis of secondary metabolites // pae01120:microbial metabolism in diverse environments // pae01200:carbon metabolism // pae01230:biosynthesis of amino acids // pae01240:biosynthesis of cofactors
66	Q9HVZ5	PA4420	No pathways
67	Q9I3D1	PA1587	pae00010:glycolysis / gluconeogenesis // pae00020:citrate cycle (tca cycle) // pae00260:glycine, serine and threonine metabolism // pae00280:valine, leucine and isoleucine degradation // pae00310:lysine degradation // pae00380:tryptophan metabolism // pae00620:pyruvate metabolism // pae00630:glyoxylate and dicarboxylate metabolism // pae00640:propanoate metabolism // pae01100:metabolic pathways // pae01110:biosynthesis of secondary metabolites // pae01120:microbial metabolism in diverse environments // pae01200:carbon metabolism // pae01240:biosynthesis of cofactors
68	Q9HV44	PA4760	No pathways
69	Q9I558	PA0887	pae00010:glycolysis / gluconeogenesis // pae00620:pyruvate metabolism // pae00630:glyoxylate and dicarboxylate metabolism // pae00640:propanoate metabolism // pae00680:methane metabolism // pae01100:metabolic pathways // pae01110:biosynthesis of secondary metabolites // pae01120:microbial metabolism in diverse environments // pae01200:carbon metabolism
70	U5QYG8	NA	No pathways
71	Q9HV50	PA4749	pae00520:amino sugar and nucleotide sugar metabolism // pae01100:metabolic pathways
72	Q9HT80	PA5493	pae03030:dna replication // pae03410:base excision repair // pae03420:nucleotide excision repair // pae03440:homologous recombination
73	Q9HTD1	PA5435	pae00020:citrate cycle (tca cycle) // pae00620:pyruvate metabolism // pae01100:metabolic pathways // pae01120:microbial metabolism in diverse environments // pae01200:carbon metabolism // pae01230:biosynthesis of amino acids
74	Q51344	PA3117	pae00260:glycine, serine and threonine metabolism // pae00261:monobactam biosynthesis // pae00270:cysteine and methionine metabolism // pae00300:lysine biosynthesis // pae01100:metabolic pathways // pae01110:biosynthesis of secondary metabolites // pae01120:microbial metabolism in diverse environments // pae01210:2-oxocarboxylic acid metabolism // pae01230:biosynthesis of amino acids
75	Q9I4W3	PA1010	pae00261:monobactam biosynthesis // pae00300:lysine biosynthesis // pae01100:metabolic pathways // pae01110:biosynthesis of secondary metabolites // pae01120:microbial metabolism in diverse environments // pae01230:biosynthesis of amino acids
76	Q9I022	PA2821	No pathways
77	Q9I5U9	PA0588	No pathways
78	P09591	PA4277	No pathways
79	O52762	PA4236	pae00380:tryptophan metabolism // pae00630:glyoxylate and dicarboxylate metabolism // pae01100:metabolic pathways // pae01110:biosynthesis of secondary metabolites // pae01200:carbon metabolism
80	P11221	PA2853	No pathways
81	Q9I693	PA0420	pae00780:biotin metabolism // pae01100:metabolic pathways // pae01240:biosynthesis of cofactors
82	Q9HWC8	PA4271	pae03010:ribosome
83	P13794	PA1777	No pathways
84	Q9HYC9	PA3480	pae00240:pyrimidine metabolism // pae01100:metabolic pathways
85	Q9I020	PA2823	No pathways
86	Q9I5Y4	PA0552	pae00010:glycolysis / gluconeogenesis // pae01100:metabolic pathways // pae01110:biosynthesis of secondary metabolites // pae01120:microbial metabolism in diverse environments // pae01200:carbon metabolism // pae01230:biosynthesis of amino acids
87	Q9HY79	PA3531	pae00860:porphyrin and chlorophyll metabolism
88	Q9HWF1	PA4247	pae03010:ribosome
89	Q9HWC9	PA4269	pae03020:rna polymerase
90	Q59638	PA5016	pae00010:glycolysis / gluconeogenesis // pae00020:citrate cycle (tca cycle) // pae00620:pyruvate metabolism // pae01100:metabolic pathways // pae01110:biosynthesis of secondary metabolites // pae01120:microbial metabolism in diverse environments // pae01200:carbon metabolism
91	Q9I4W5	PA1008	No pathways
92	G3XDA2	PA2965	pae00061:fatty acid biosynthesis // pae00780:biotin metabolism // pae01100:metabolic pathways // pae01212:fatty acid metabolism // pae01240:biosynthesis of cofactors
93	Q9HUC3	PA5060	No pathways
94	Q9HZ71	PA3162	pae03010:ribosome
95	O82853	PA3653	No pathways
96	O82851	PA3655	No pathways
97	Q9HWD1	PA4267	pae03010:ribosome
98	Q9HUC1	PA5062	No pathways
99	O50273	PA4443	pae00230:purine metabolism // pae00261:monobactam biosynthesis // pae00450:selenocompound metabolism // pae00920:sulfur metabolism // pae01100:metabolic pathways // pae01110:biosynthesis of secondary metabolites // pae01120:microbial metabolism in diverse environments
100	Q9HZ65	PA3169	pae00270:cysteine and methionine metabolism // pae01100:metabolic pathways
101	Q9I0M3	PA2615	No pathways
102	Q59637	PA5015	pae00010:glycolysis / gluconeogenesis // pae00020:citrate cycle (tca cycle) // pae00620:pyruvate metabolism // pae01100:metabolic pathways // pae01110:biosynthesis of secondary metabolites // pae01120:microbial metabolism in diverse environments // pae01200:carbon metabolism
103	Q9I3K7	PA1505	pae00790:folate biosynthesis // pae01100:metabolic pathways // pae01240:biosynthesis of cofactors // pae04122:sulfur relay system
104	Q9K3C5	PA1094	pae02040:flagellar assembly
105	Q9I0L4	PA2624	pae00020:citrate cycle (tca cycle) // pae00480:glutathione metabolism // pae01100:metabolic pathways // pae01110:biosynthesis of secondary metabolites // pae01120:microbial metabolism in diverse environments // pae01200:carbon metabolism // pae01210:2-oxocarboxylic acid metabolism // pae01230:biosynthesis of amino acids
106	Q9I689	PA0428	pae03018:rna degradation
107	U5QU30	NA	No pathways
108	Q9I6D9	PA0354	No pathways
109	Q9HT20	PA5554	pae00190:oxidative phosphorylation // pae01100:metabolic pathways
110	Q9HT17	PA5557	pae00190:oxidative phosphorylation // pae01100:metabolic pathways
111	Q9HXQ2	PA3742	pae03010:ribosome
112	Q9HVY2	PA4433	pae03010:ribosome
113	Q9HU11	PA5178	No pathways
114	Q9HVC4	PA4671	pae03010:ribosome
115	Q59643	PA5243	pae00860:porphyrin and chlorophyll metabolism // pae01100:metabolic pathways // pae01110:biosynthesis of secondary metabolites // pae01120:microbial metabolism in diverse environments // pae01240:biosynthesis of cofactors
116	Q9HUG1	PA5004	No pathways
117	Q9I0H1	PA2667	No pathways
118	O52760	PA4238	pae03020:rna polymerase
119	Q9HVM1	PA4563	pae03010:ribosome
120	Q9I5Q3	PA0668	pae00970:aminoacyl-trna biosynthesis
121	Q9HXI9	PA3813	No pathways
122	Q9HU22	PA5163	pae00521:streptomycin biosynthesis // pae00523:polyketide sugar unit biosynthesis // pae00525:acarbose and validamycin biosynthesis // pae00541:o-antigen nucleotide sugar biosynthesis // pae01100:metabolic pathways // pae01110:biosynthesis of secondary metabolites
123	Q9HUU1	PA4872	pae00620:pyruvate metabolism // pae01100:metabolic pathways
124	Q9I047	PA2796	pae00030:pentose phosphate pathway // pae01100:metabolic pathways // pae01110:biosynthesis of secondary metabolites // pae01120:microbial metabolism in diverse environments // pae01200:carbon metabolism // pae01230:biosynthesis of amino acids
125	Q9HVN5	PA4542	No pathways
126	Q9I516	PA0942	No pathways
127	Q9I636	PA0482	pae00620:pyruvate metabolism // pae00630:glyoxylate and dicarboxylate metabolism // pae01100:metabolic pathways // pae01110:biosynthesis of secondary metabolites // pae01120:microbial metabolism in diverse environments // pae01200:carbon metabolism
128	Q9HUD5	PA5036	pae00250:alanine, aspartate and glutamate metabolism // pae00910:nitrogen metabolism // pae01100:metabolic pathways // pae01110:biosynthesis of secondary metabolites // pae01120:microbial metabolism in diverse environments // pae01230:biosynthesis of amino acids
129	Q9HV55	PA4744	No pathways
130	Q9HVL7	PA4567	pae03010:ribosome
131	Q9I3C4	PA1597	No pathways
132	Q9HY81	PA3529	No pathways
133	U5QX07	NA	No pathways
134	Q9HWV9	PA4069	pae00521:streptomycin biosynthesis // pae00523:polyketide sugar unit biosynthesis // pae00541:o-antigen nucleotide sugar biosynthesis // pae01100:metabolic pathways // pae01110:biosynthesis of secondary metabolites
135	Q9I3D3	PA1585	pae00020:citrate cycle (tca cycle) // pae01100:metabolic pathways // pae01110:biosynthesis of secondary metabolites // pae01120:microbial metabolism in diverse environments // pae01200:carbon metabolism
136	Q9HZ67	PA3166	pae00400:phenylalanine, tyrosine and tryptophan biosynthesis // pae01100:metabolic pathways // pae01110:biosynthesis of secondary metabolites // pae01230:biosynthesis of amino acids
137	P00282	PA4922	No pathways
138	Q9HVT7	PA4484	pae00970:aminoacyl-trna biosynthesis // pae01100:metabolic pathways
139	Q9I7C5	PA0001	pae02020:two-component system
140	Q59654	PA2876	pae00240:pyrimidine metabolism // pae01100:metabolic pathways // pae01240:biosynthesis of cofactors
141	P53641	PA4366	No pathways
142	Q9HZJ5	PA3011	No pathways
143	Q9HV58	PA4741	pae03010:ribosome
144	Q9HXR7	PA3725	pae03410:base excision repair // pae03430:mismatch repair // pae03440:homologous recombination
145	P42257	PA0411	pae02020:two-component system // pae02025:biofilm formation - pseudomonas aeruginosa
146	Q9HX38	PA3981	No pathways
147	Q9I0L5	PA2623	pae00020:citrate cycle (tca cycle) // pae00480:glutathione metabolism // pae01100:metabolic pathways // pae01110:biosynthesis of secondary metabolites // pae01120:microbial metabolism in diverse environments // pae01200:carbon metabolism // pae01210:2-oxocarboxylic acid metabolism // pae01230:biosynthesis of amino acids
148	P00106	PA5490	No pathways
149	Q9HWF2	PA4246	pae03010:ribosome
150	Q9HWF8	PA4240	pae03010:ribosome
151	G3XD76	PA3666	pae00300:lysine biosynthesis // pae01100:metabolic pathways // pae01120:microbial metabolism in diverse environments // pae01230:biosynthesis of amino acids
152	Q9I0T4	PA2550	pae00071:fatty acid degradation // pae00280:valine, leucine and isoleucine degradation // pae01100:metabolic pathways // pae01110:biosynthesis of secondary metabolites // pae01212:fatty acid metabolism
153	Q9HXH0	PA3834	pae00970:aminoacyl-trna biosynthesis
154	Q9HZC5	PA3083	pae00480:glutathione metabolism // pae01100:metabolic pathways
155	Q9I099	PA2744	pae00970:aminoacyl-trna biosynthesis
156	Q9HWD9	PA4259	pae03010:ribosome
157	Q9HV48	PA4751	No pathways
158	Q9HXZ5	PA3635	pae00010:glycolysis / gluconeogenesis // pae00680:methane metabolism // pae01100:metabolic pathways // pae01110:biosynthesis of secondary metabolites // pae01120:microbial metabolism in diverse environments // pae01200:carbon metabolism // pae01230:biosynthesis of amino acids // pae03018:rna degradation
159	Q9HT18	PA5556	pae00190:oxidative phosphorylation // pae01100:metabolic pathways
160	Q9HVJ1	PA4595	No pathways
161	Q9HTD7	PA5429	pae00250:alanine, aspartate and glutamate metabolism // pae01100:metabolic pathways
162	U5R104	NA	No pathways
163	P30718	PA4385	pae03018:rna degradation
164	Q9I2U7	PA1795	pae00970:aminoacyl-trna biosynthesis
165	Q9HW86	PA4315	No pathways
166	Q9I6B4	PA0381	pae00730:thiamine metabolism // pae01100:metabolic pathways // pae01240:biosynthesis of cofactors
167	Q51422	PA0963	pae00970:aminoacyl-trna biosynthesis
168	Q9HXX5	PA3664	No pathways
169	Q9ZFK4	PA3636	pae00540:lipopolysaccharide biosynthesis // pae01100:metabolic pathways
170	Q9HU67	PA5117	No pathways
171	Q51423	PA0964	No pathways
172	Q9I748	PA0084	pae02025:biofilm formation - pseudomonas aeruginosa
173	Q9HTN2	PA5323	pae00220:arginine biosynthesis // pae01100:metabolic pathways // pae01110:biosynthesis of secondary metabolites // pae01210:2-oxocarboxylic acid metabolism // pae01230:biosynthesis of amino acids
174	Q9HUV9	PA4854	pae00230:purine metabolism // pae00670:one carbon pool by folate // pae01100:metabolic pathways // pae01110:biosynthesis of secondary metabolites
175	Q9I6H4	PA0317	No pathways
176	Q9HZG8	PA3040	No pathways
177	G3XDB0	PA5332	pae03410:base excision repair
178	P26480	PA0576	pae02040:flagellar assembly
179	Q9HV24	PA4784	No pathways
180	Q9I4Z4	PA0973	No pathways
181	Q9HUN2	PA4932	pae03010:ribosome
182	Q9I3C5	PA1596	No pathways
183	Q9I4Z7	PA0962	No pathways
184	Q9HT16	PA5558	pae00190:oxidative phosphorylation // pae01100:metabolic pathways
185	Q9HWZ6	PA4031	pae00190:oxidative phosphorylation
186	Q9HV46	PA4755	No pathways
187	Q9HZG0	PA3048	No pathways
188	Q9HUD3	PA5046	pae00620:pyruvate metabolism // pae01100:metabolic pathways // pae01120:microbial metabolism in diverse environments // pae01200:carbon metabolism
189	Q9HVC2	PA4673	No pathways
190	P38100	PA4756	pae00240:pyrimidine metabolism // pae00250:alanine, aspartate and glutamate metabolism // pae01100:metabolic pathways // pae01240:biosynthesis of cofactors
191	Q9HXN2	PA3763	pae00230:purine metabolism // pae01100:metabolic pathways // pae01110:biosynthesis of secondary metabolites
192	Q9HZA3	PA3121	pae00290:valine, leucine and isoleucine biosynthesis // pae00660:c5-branched dibasic acid metabolism // pae01100:metabolic pathways // pae01110:biosynthesis of secondary metabolites // pae01210:2-oxocarboxylic acid metabolism // pae01230:biosynthesis of amino acids
193	Q9HWD6	PA4262	pae03010:ribosome
194	Q9HTN9	PA5315	pae03010:ribosome
195	Q9HT52	PA5521	No pathways
196	O68283	PA3181	pae00030:pentose phosphate pathway // pae00630:glyoxylate and dicarboxylate metabolism // pae01100:metabolic pathways // pae01120:microbial metabolism in diverse environments // pae01200:carbon metabolism
197	Q9I6J2	PA0299	pae00330:arginine and proline metabolism // pae01100:metabolic pathways
198	Q9I5W0	PA0577	pae03030:dna replication
199	P30720	PA4386	No pathways
200	Q9HZM9	PA2975	No pathways
201	G3XD94	PA3159	pae00520:amino sugar and nucleotide sugar metabolism // pae00541:o-antigen nucleotide sugar biosynthesis // pae01100:metabolic pathways
202	Q9HU65	PA5119	pae00220:arginine biosynthesis // pae00250:alanine, aspartate and glutamate metabolism // pae00630:glyoxylate and dicarboxylate metabolism // pae00910:nitrogen metabolism // pae01100:metabolic pathways // pae01120:microbial metabolism in diverse environments // pae01230:biosynthesis of amino acids // pae02020:two-component system
203	Q9HTE2	PA5422	pae00010:glycolysis / gluconeogenesis // pae01100:metabolic pathways // pae01110:biosynthesis of secondary metabolites // pae01120:microbial metabolism in diverse environments
204	P23189	PA2025	pae00480:glutathione metabolism // pae01100:metabolic pathways
205	O68822	PA3831	pae00480:glutathione metabolism // pae01100:metabolic pathways
206	Q9I5V1	PA0586	No pathways
207	Q9HWE5	PA4253	pae03010:ribosome
208	O87131	PA3348	pae02020:two-component system // pae02030:bacterial chemotaxis
209	Q9I0A3	PA2740	pae00970:aminoacyl-trna biosynthesis
210	P13982	PA5173	pae00220:arginine biosynthesis // pae00230:purine metabolism // pae00910:nitrogen metabolism // pae01100:metabolic pathways // pae01120:microbial metabolism in diverse environments // pae01200:carbon metabolism
211	P14165	PA1580	pae00020:citrate cycle (tca cycle) // pae00630:glyoxylate and dicarboxylate metabolism // pae01100:metabolic pathways // pae01110:biosynthesis of secondary metabolites // pae01120:microbial metabolism in diverse environments // pae01200:carbon metabolism // pae01210:2-oxocarboxylic acid metabolism // pae01230:biosynthesis of amino acids
212	Q9HTR6	PA5288	No pathways
213	P50598	PA0969	No pathways
214	Q9HUK1	PA4964	No pathways
215	Q9HX33	PA3987	pae00970:aminoacyl-trna biosynthesis
216	Q9HV43	PA4761	pae03018:rna degradation
217	Q9HYC7	PA3482	pae00450:selenocompound metabolism // pae00970:aminoacyl-trna biosynthesis // pae01100:metabolic pathways
218	O50274	PA4442	pae00230:purine metabolism // pae00261:monobactam biosynthesis // pae00450:selenocompound metabolism // pae00920:sulfur metabolism // pae01100:metabolic pathways // pae01110:biosynthesis of secondary metabolites // pae01120:microbial metabolism in diverse environments
219	O82850	PA3656	pae03010:ribosome
220	Q9HZP7	PA2951	No pathways
221	P50587	PA5331	pae00240:pyrimidine metabolism // pae01100:metabolic pathways // pae01240:biosynthesis of cofactors
222	Q9I6Z2	PA0140	No pathways
223	Q9HWD4	PA4264	pae03010:ribosome
224	Q9I3D4	PA1584	pae00020:citrate cycle (tca cycle) // pae00190:oxidative phosphorylation // pae00650:butanoate metabolism // pae01100:metabolic pathways // pae01110:biosynthesis of secondary metabolites // pae01120:microbial metabolism in diverse environments // pae01200:carbon metabolism
225	Q9HWF3	PA4245	pae03010:ribosome
226	Q9HV66	PA4733	pae00010:glycolysis / gluconeogenesis // pae00620:pyruvate metabolism // pae00630:glyoxylate and dicarboxylate metabolism // pae00640:propanoate metabolism // pae00680:methane metabolism // pae01100:metabolic pathways // pae01110:biosynthesis of secondary metabolites // pae01120:microbial metabolism in diverse environments // pae01200:carbon metabolism
227	Q9I4U1	PA1033	No pathways
228	Q9HVL6	PA4568	pae03010:ribosome
229	Q9HYZ6	PA3244	No pathways
230	P72151	PA1092	pae02020:two-component system // pae02040:flagellar assembly
231	Q9I0K9	PA2629	pae00230:purine metabolism // pae00250:alanine, aspartate and glutamate metabolism // pae01100:metabolic pathways // pae01110:biosynthesis of secondary metabolites // pae01240:biosynthesis of cofactors
232	P95459	PA3266	No pathways
233	Q9I7A8	PA0019	No pathways
234	Q9HWE8	PA4250	pae03010:ribosome
235	Q9I4W0	PA1013	pae00230:purine metabolism // pae01100:metabolic pathways // pae01110:biosynthesis of secondary metabolites
236	Q9HWC7	PA4272	pae03010:ribosome
237	Q9I3I0	PA1533	No pathways
238	Q9HZF6	PA3052	No pathways
239	Q9I450	PA1294	No pathways
240	P43335	PA0871	pae00790:folate biosynthesis // pae01100:metabolic pathways
241	Q9I5V8	PA0579	pae03010:ribosome
242	Q9HW68	PA4333	pae00020:citrate cycle (tca cycle) // pae00620:pyruvate metabolism // pae01100:metabolic pathways // pae01110:biosynthesis of secondary metabolites // pae01120:microbial metabolism in diverse environments // pae01200:carbon metabolism
243	Q9HZ23	PA3217	pae00230:purine metabolism // pae01100:metabolic pathways // pae02025:biofilm formation - pseudomonas aeruginosa
244	Q9HU34	PA5150	No pathways
245	Q9I344	PA1681	pae00400:phenylalanine, tyrosine and tryptophan biosynthesis // pae01100:metabolic pathways // pae01110:biosynthesis of secondary metabolites // pae01230:biosynthesis of amino acids
246	P11724	PA3537	pae00220:arginine biosynthesis // pae01100:metabolic pathways // pae01110:biosynthesis of secondary metabolites // pae01230:biosynthesis of amino acids
247	O54438	PA2967	pae00061:fatty acid biosynthesis // pae00780:biotin metabolism // pae01100:metabolic pathways // pae01110:biosynthesis of secondary metabolites // pae01212:fatty acid metabolism // pae01240:biosynthesis of cofactors
248	Q9I0A0	PA2743	No pathways
249	Q9I0M6	PA2612	pae00970:aminoacyl-trna biosynthesis
250	Q9HTW1	PA5229	No pathways
251	Q9HZ74	PA3157	No pathways
252	G3XCZ6	PA2968	pae00061:fatty acid biosynthesis // pae01100:metabolic pathways // pae01110:biosynthesis of secondary metabolites // pae01212:fatty acid metabolism
253	G3XCZ4	PA0891	No pathways
254	Q9HUN3	PA4931	pae03030:dna replication
255	Q9I3F5	PA1562	pae00020:citrate cycle (tca cycle) // pae00630:glyoxylate and dicarboxylate metabolism // pae01100:metabolic pathways // pae01110:biosynthesis of secondary metabolites // pae01120:microbial metabolism in diverse environments // pae01200:carbon metabolism // pae01210:2-oxocarboxylic acid metabolism // pae01230:biosynthesis of amino acids
256	Q9HXM5	PA3770	pae00230:purine metabolism // pae01100:metabolic pathways // pae01110:biosynthesis of secondary metabolites
257	P15276	PA5253	No pathways
258	Q9I1N7	PA2232	pae00051:fructose and mannose metabolism // pae00520:amino sugar and nucleotide sugar metabolism // pae00541:o-antigen nucleotide sugar biosynthesis // pae01100:metabolic pathways // pae01110:biosynthesis of secondary metabolites // pae02025:biofilm formation - pseudomonas aeruginosa
259	Q9I4I2	PA1155	pae00230:purine metabolism // pae00240:pyrimidine metabolism // pae01100:metabolic pathways
260	Q9HV22	PA4786	pae00061:fatty acid biosynthesis // pae00780:biotin metabolism // pae01100:metabolic pathways // pae01110:biosynthesis of secondary metabolites // pae01212:fatty acid metabolism // pae01240:biosynthesis of cofactors
261	Q9I7B1	PA0015	No pathways
262	Q9HX12	PA4015	No pathways
263	Q9HX76	PA3940	No pathways
264	P15275	PA5255	No pathways
265	Q9HUN0	PA4934	pae03010:ribosome
266	Q9HYX1	PA3270	No pathways
267	Q9HUA6	PA5077	No pathways
268	Q9HXJ8	PA3799	No pathways
269	Q9I0J7	PA2641	pae00190:oxidative phosphorylation // pae01100:metabolic pathways
270	Q9I3D2	PA1586	pae00020:citrate cycle (tca cycle) // pae00310:lysine degradation // pae00380:tryptophan metabolism // pae01100:metabolic pathways // pae01110:biosynthesis of secondary metabolites // pae01120:microbial metabolism in diverse environments // pae01200:carbon metabolism
271	Q9HXV4	PA3686	pae00230:purine metabolism // pae00730:thiamine metabolism // pae01100:metabolic pathways // pae01110:biosynthesis of secondary metabolites // pae01240:biosynthesis of cofactors
272	Q9I6D1	PA0363	pae00770:pantothenate and coa biosynthesis // pae01100:metabolic pathways // pae01240:biosynthesis of cofactors
273	O33877	PA1610	pae00061:fatty acid biosynthesis // pae01100:metabolic pathways // pae01212:fatty acid metabolism
274	G3XD09	PA5035	pae00250:alanine, aspartate and glutamate metabolism // pae00910:nitrogen metabolism // pae01100:metabolic pathways // pae01110:biosynthesis of secondary metabolites // pae01120:microbial metabolism in diverse environments // pae01230:biosynthesis of amino acids
275	Q9HVY6	PA4429	pae00190:oxidative phosphorylation // pae01100:metabolic pathways // pae02020:two-component system
276	G3XD36	PA0337	pae02060:phosphotransferase system (pts)
277	Q9I664	PA0454	No pathways
278	Q9HX89	PA3924	No pathways
279	Q9HWE9	PA4249	pae03010:ribosome
280	Q9HZ41	PA3199	No pathways
281	Q9X2T1	PA5240	No pathways
282	Q9I0D3	PA2709	pae00270:cysteine and methionine metabolism // pae00920:sulfur metabolism // pae01100:metabolic pathways // pae01110:biosynthesis of secondary metabolites // pae01120:microbial metabolism in diverse environments // pae01200:carbon metabolism // pae01230:biosynthesis of amino acids
283	Q9HZP8	PA2950	pae00061:fatty acid biosynthesis // pae00650:butanoate metabolism // pae01100:metabolic pathways // pae01110:biosynthesis of secondary metabolites // pae01120:microbial metabolism in diverse environments // pae01200:carbon metabolism // pae01212:fatty acid metabolism
284	P48372	PA3168	No pathways
285	Q9HYU3	PA3300	pae00061:fatty acid biosynthesis // pae00071:fatty acid degradation // pae01100:metabolic pathways // pae01212:fatty acid metabolism // pae02024:quorum sensing
286	Q9HUM6	PA4938	pae00230:purine metabolism // pae00250:alanine, aspartate and glutamate metabolism // pae01100:metabolic pathways // pae01240:biosynthesis of cofactors
287	Q9I4I1	PA1156	pae00230:purine metabolism // pae00240:pyrimidine metabolism // pae01100:metabolic pathways
288	Q51455	PA1456	pae02020:two-component system // pae02030:bacterial chemotaxis
289	Q9HT21	PA5553	pae00190:oxidative phosphorylation // pae01100:metabolic pathways
290	Q9HZA7	PA3112	pae00061:fatty acid biosynthesis // pae00620:pyruvate metabolism // pae00640:propanoate metabolism // pae01100:metabolic pathways // pae01110:biosynthesis of secondary metabolites // pae01120:microbial metabolism in diverse environments // pae01200:carbon metabolism // pae01212:fatty acid metabolism
291	Q9HV67	PA4732	pae00010:glycolysis / gluconeogenesis // pae00030:pentose phosphate pathway // pae00500:starch and sucrose metabolism // pae00520:amino sugar and nucleotide sugar metabolism // pae01100:metabolic pathways // pae01110:biosynthesis of secondary metabolites // pae01120:microbial metabolism in diverse environments // pae01200:carbon metabolism
292	Q9HW06	PA4400	No pathways
293	Q9I2Q2	PA1843	pae00270:cysteine and methionine metabolism // pae00450:selenocompound metabolism // pae00670:one carbon pool by folate // pae01100:metabolic pathways // pae01110:biosynthesis of secondary metabolites // pae01230:biosynthesis of amino acids
294	Q9I0J9	PA2639	pae00190:oxidative phosphorylation // pae01100:metabolic pathways
295	Q51366	PA5453	pae00051:fructose and mannose metabolism // pae00520:amino sugar and nucleotide sugar metabolism // pae00541:o-antigen nucleotide sugar biosynthesis // pae01100:metabolic pathways
296	Q9I2Y7	PA1750	pae00400:phenylalanine, tyrosine and tryptophan biosynthesis // pae01100:metabolic pathways // pae01110:biosynthesis of secondary metabolites // pae01230:biosynthesis of amino acids // pae02024:quorum sensing
297	Q9HV96	PA4701	No pathways
298	Q9HYG6	PA3440	No pathways
299	Q9HZJ3	PA3013	pae00071:fatty acid degradation // pae00280:valine, leucine and isoleucine degradation // pae00281:geraniol degradation // pae00362:benzoate degradation // pae00592:alpha-linolenic acid metabolism // pae01100:metabolic pathways // pae01110:biosynthesis of secondary metabolites // pae01120:microbial metabolism in diverse environments // pae01212:fatty acid metabolism
300	Q9I0T9	PA2545	pae03410:base excision repair
301	Q59653	PA0402	pae00240:pyrimidine metabolism // pae00250:alanine, aspartate and glutamate metabolism // pae01100:metabolic pathways // pae01240:biosynthesis of cofactors
302	Q9HZP1	PA2957	No pathways
303	Q9I2V3	PA1789	No pathways
304	Q9I2W7	PA1772	No pathways
305	Q9I0K4	PA2634	pae00630:glyoxylate and dicarboxylate metabolism // pae01100:metabolic pathways // pae01110:biosynthesis of secondary metabolites // pae01120:microbial metabolism in diverse environments // pae01200:carbon metabolism
306	Q9HWC6	PA4273	pae03010:ribosome
307	Q9I662	PA0456	No pathways
308	Q9X4P2	PA0336	pae03018:rna degradation
309	Q9HXY1	PA3657	No pathways
310	Q9HT76	PA5497	pae00230:purine metabolism // pae00240:pyrimidine metabolism // pae01100:metabolic pathways
311	Q9HW21	PA4381	No pathways
312	Q9I5R1	PA0660	pae00910:nitrogen metabolism // pae01100:metabolic pathways
313	Q9HZK6	PA2999	No pathways
314	Q9HY84	PA3525	pae00220:arginine biosynthesis // pae00250:alanine, aspartate and glutamate metabolism // pae01100:metabolic pathways // pae01110:biosynthesis of secondary metabolites // pae01230:biosynthesis of amino acids
315	U5QWA3	NA	No pathways
316	Q9HUJ8	PA4967	No pathways
317	Q9HZP6	PA2952	No pathways
318	Q9I2R4	PA1831	No pathways
319	Q9HXI8	PA3814	pae00730:thiamine metabolism // pae01100:metabolic pathways // pae01240:biosynthesis of cofactors // pae04122:sulfur relay system
320	O85732	PA0018	pae00670:one carbon pool by folate // pae00970:aminoacyl-trna biosynthesis
321	Q51382	PA3810	No pathways
322	Q9I5A6	PA0834	No pathways
323	Q9I0T1	PA2553	pae00071:fatty acid degradation // pae00072:synthesis and degradation of ketone bodies // pae00280:valine, leucine and isoleucine degradation // pae00310:lysine degradation // pae00362:benzoate degradation // pae00380:tryptophan metabolism // pae00620:pyruvate metabolism // pae00630:glyoxylate and dicarboxylate metabolism // pae00640:propanoate metabolism // pae00650:butanoate metabolism // pae00900:terpenoid backbone biosynthesis // pae01100:metabolic pathways // pae01110:biosynthesis of secondary metabolites // pae01120:microbial metabolism in diverse environments // pae01200:carbon metabolism // pae01212:fatty acid metabolism // pae02020:two-component system
324	Q9HWE7	PA4251	pae03010:ribosome
325	Q9X6P4	PA3644	pae00540:lipopolysaccharide biosynthesis // pae01100:metabolic pathways // pae01503:cationic antimicrobial peptide (camp) resistance
326	Q9HVY5	PA4430	pae00190:oxidative phosphorylation // pae01100:metabolic pathways // pae02020:two-component system
327	Q9I0L8	PA2620	No pathways
328	E1JGJ8	PA3701	No pathways
329	Q9HX01	PA4026	No pathways
330	Q9I2U8	PA1794	pae00970:aminoacyl-trna biosynthesis // pae01100:metabolic pathways
331	Q9HYF1	PA3455	No pathways
332	Q9HTN8	PA5316	pae03010:ribosome
333	P57665	PA4951	No pathways
334	Q9HTI8	PA5376	pae02010:abc transporters
335	Q9I1F5	PA2323	pae00010:glycolysis / gluconeogenesis // pae00030:pentose phosphate pathway // pae01100:metabolic pathways // pae01120:microbial metabolism in diverse environments // pae01200:carbon metabolism
336	Q9LCT3	PA4403	pae02024:quorum sensing // pae03060:protein export // pae03070:bacterial secretion system
337	Q9I2U2	PA1800	No pathways
338	Q9HZ38	PA3202	No pathways
339	Q9HVW7	PA4450	pae00520:amino sugar and nucleotide sugar metabolism // pae00550:peptidoglycan biosynthesis // pae01100:metabolic pathways
340	Q9I000	PA2843	pae00400:phenylalanine, tyrosine and tryptophan biosynthesis // pae01100:metabolic pathways // pae01110:biosynthesis of secondary metabolites // pae01230:biosynthesis of amino acids // pae02024:quorum sensing
341	Q9HUC8	PA5051	pae00970:aminoacyl-trna biosynthesis
342	P22608	PA4526	No pathways
343	Q9HVJ7	PA4588	pae00220:arginine biosynthesis // pae00250:alanine, aspartate and glutamate metabolism // pae00910:nitrogen metabolism // pae01100:metabolic pathways // pae01120:microbial metabolism in diverse environments
344	Q9I3G5	PA1552	pae00190:oxidative phosphorylation // pae01100:metabolic pathways // pae02020:two-component system
345	Q9HZF8	PA3050	pae00240:pyrimidine metabolism // pae01100:metabolic pathways // pae01240:biosynthesis of cofactors
346	P45684	PA3622	No pathways
347	Q9HZM8	PA2976	pae03018:rna degradation
348	Q9I2T9	PA1803	No pathways
349	O05927	PA1756	pae00920:sulfur metabolism // pae01100:metabolic pathways // pae01120:microbial metabolism in diverse environments
350	Q9HUH4	PA4991	No pathways
351	Q9HUV8	PA4855	pae00230:purine metabolism // pae01100:metabolic pathways // pae01110:biosynthesis of secondary metabolites
352	Q9I5I5	PA0744	No pathways
353	Q9HV42	PA4762	No pathways
354	Q9HVD5	PA4657	No pathways
355	O86428	PA5013	pae00270:cysteine and methionine metabolism // pae00280:valine, leucine and isoleucine degradation // pae00290:valine, leucine and isoleucine biosynthesis // pae00770:pantothenate and coa biosynthesis // pae01100:metabolic pathways // pae01110:biosynthesis of secondary metabolites // pae01210:2-oxocarboxylic acid metabolism // pae01230:biosynthesis of amino acids // pae01240:biosynthesis of cofactors
356	Q9HXP8	PA3746	pae02024:quorum sensing // pae03060:protein export // pae03070:bacterial secretion system
357	P48247	PA3977	pae00860:porphyrin and chlorophyll metabolism // pae01100:metabolic pathways // pae01110:biosynthesis of secondary metabolites // pae01120:microbial metabolism in diverse environments // pae01240:biosynthesis of cofactors
358	Q9I4T8	PA1036	No pathways
359	Q9I697	PA0407	pae00270:cysteine and methionine metabolism // pae00480:glutathione metabolism // pae01100:metabolic pathways // pae01240:biosynthesis of cofactors
360	Q9HWF0	PA4248	pae03010:ribosome
361	Q9HWE1	PA4257	pae03010:ribosome
362	P72173	PA3139	pae00270:cysteine and methionine metabolism // pae00350:tyrosine metabolism // pae00360:phenylalanine metabolism // pae00400:phenylalanine, tyrosine and tryptophan biosynthesis // pae00401:novobiocin biosynthesis // pae01100:metabolic pathways // pae01110:biosynthesis of secondary metabolites // pae01230:biosynthesis of amino acids
363	Q9HVM4	PA4560	pae00970:aminoacyl-trna biosynthesis
364	Q9HVA2	PA4694	pae00290:valine, leucine and isoleucine biosynthesis // pae00770:pantothenate and coa biosynthesis // pae01100:metabolic pathways // pae01110:biosynthesis of secondary metabolites // pae01210:2-oxocarboxylic acid metabolism // pae01230:biosynthesis of amino acids
365	Q9HU73	PA5110	pae00010:glycolysis / gluconeogenesis // pae00030:pentose phosphate pathway // pae00051:fructose and mannose metabolism // pae00680:methane metabolism // pae01100:metabolic pathways // pae01110:biosynthesis of secondary metabolites // pae01120:microbial metabolism in diverse environments // pae01200:carbon metabolism
366	Q9HTJ6	PA5364	No pathways
367	O52759	PA4239	pae03010:ribosome
368	G3XD61	PA3148	pae00520:amino sugar and nucleotide sugar metabolism // pae00541:o-antigen nucleotide sugar biosynthesis // pae01100:metabolic pathways
369	Q51342	PA3108	pae00230:purine metabolism // pae00250:alanine, aspartate and glutamate metabolism // pae01100:metabolic pathways // pae01110:biosynthesis of secondary metabolites
370	Q9I2U1	PA1801	No pathways
371	Q9HXM6	PA3769	pae00230:purine metabolism // pae01100:metabolic pathways
372	Q9I612	PA0506	No pathways
373	O68282	PA3183	pae00030:pentose phosphate pathway // pae00480:glutathione metabolism // pae01100:metabolic pathways // pae01110:biosynthesis of secondary metabolites // pae01120:microbial metabolism in diverse environments // pae01200:carbon metabolism
374	Q9HZZ2	PA2851	No pathways
375	Q9HX74	PA3942	pae01040:biosynthesis of unsaturated fatty acids
376	Q9I553	PA0903	pae00970:aminoacyl-trna biosynthesis
377	Q9HUM9	PA4935	pae03010:ribosome
378	P34003	PA5039	pae00400:phenylalanine, tyrosine and tryptophan biosynthesis // pae01100:metabolic pathways // pae01110:biosynthesis of secondary metabolites // pae01230:biosynthesis of amino acids
379	Q9I043	PA2800	No pathways
380	Q9HTZ7	PA5192	pae00010:glycolysis / gluconeogenesis // pae00020:citrate cycle (tca cycle) // pae00620:pyruvate metabolism // pae01100:metabolic pathways // pae01110:biosynthesis of secondary metabolites // pae01120:microbial metabolism in diverse environments // pae01200:carbon metabolism
381	Q9I244	PA2071	No pathways
382	Q9HWF4	PA4244	pae03010:ribosome
383	Q9HXJ3	PA3804	No pathways
384	G3XCV0	PA1097	pae02020:two-component system // pae02025:biofilm formation - pseudomonas aeruginosa // pae02040:flagellar assembly
385	Q9I346	PA1679	No pathways
386	Q9I2A0	PA2011	pae00072:synthesis and degradation of ketone bodies // pae00280:valine, leucine and isoleucine degradation // pae00281:geraniol degradation // pae00650:butanoate metabolism // pae01100:metabolic pathways // pae01110:biosynthesis of secondary metabolites
387	Q9I747	PA0085	pae02025:biofilm formation - pseudomonas aeruginosa // pae03070:bacterial secretion system
388	Q9I3X2	PA1372	No pathways
389	Q9HV59	PA4740	pae03018:rna degradation
390	Q9HTL9	PA5339	No pathways
391	Q9HXL0	PA3785	No pathways
392	P27726	PA3195	pae00010:glycolysis / gluconeogenesis // pae01100:metabolic pathways // pae01110:biosynthesis of secondary metabolites // pae01120:microbial metabolism in diverse environments // pae01200:carbon metabolism // pae01230:biosynthesis of amino acids
393	Q9HXI5	PA3817	No pathways
394	Q9I6M4	PA0266	pae00250:alanine, aspartate and glutamate metabolism // pae00310:lysine degradation // pae00650:butanoate metabolism // pae01100:metabolic pathways // pae01120:microbial metabolism in diverse environments
395	Q9HT05	PA5569	No pathways
396	Q9HZ51	PA3187	pae02010:abc transporters
397	Q9HUP3	PA4920	pae00760:nicotinate and nicotinamide metabolism // pae01100:metabolic pathways // pae01240:biosynthesis of cofactors
398	Q9HYT6	PA3308	No pathways
399	P72139	PA3151	pae00340:histidine metabolism // pae01100:metabolic pathways // pae01110:biosynthesis of secondary metabolites // pae01230:biosynthesis of amino acids
400	Q9HVQ3	PA4519	pae00330:arginine and proline metabolism // pae00480:glutathione metabolism // pae01100:metabolic pathways // pae01110:biosynthesis of secondary metabolites
401	Q9I045	PA2798	No pathways
402	Q9HTF4	PA5410	No pathways
403	Q9I5M1	PA0705	No pathways
404	U5R0P3	NA	No pathways
405	Q9I6A8	PA0387	pae00230:purine metabolism // pae01100:metabolic pathways
406	Q9I5H9	PA0750	pae03410:base excision repair
407	Q9I5Y1	PA0555	pae00010:glycolysis / gluconeogenesis // pae00030:pentose phosphate pathway // pae00051:fructose and mannose metabolism // pae00680:methane metabolism // pae01100:metabolic pathways // pae01110:biosynthesis of secondary metabolites // pae01120:microbial metabolism in diverse environments // pae01200:carbon metabolism // pae01230:biosynthesis of amino acids
408	Q9HV53	PA4746	No pathways
409	Q9I6E3	PA0350	pae00670:one carbon pool by folate // pae00790:folate biosynthesis // pae01100:metabolic pathways // pae01240:biosynthesis of cofactors
410	Q9HYG7	PA3439	pae00790:folate biosynthesis
411	Q9I645	PA0473	No pathways
412	Q9HTV1	PA5239	pae03018:rna degradation
413	Q9HWD0	PA4268	pae03010:ribosome
414	Q9HWC5	PA4274	pae03010:ribosome
415	P72174	PA3138	pae03420:nucleotide excision repair
416	Q9I5Y6	PA0550	No pathways
417	Q9I2U9	PA1793	No pathways
418	Q9I7C2	PA0004	No pathways
419	Q9I4S5	PA1049	pae00750:vitamin b6 metabolism // pae01100:metabolic pathways // pae01120:microbial metabolism in diverse environments // pae01240:biosynthesis of cofactors
420	Q9HUE7	PA5022	No pathways
421	Q9HX10	PA4017	No pathways
422	Q9HVU9	PA4472	No pathways
423	Q9HYT5	PA3309	No pathways
424	Q9I4L1	PA1124	pae00230:purine metabolism // pae01100:metabolic pathways
425	P19572	PA5277	pae00300:lysine biosynthesis // pae01100:metabolic pathways // pae01110:biosynthesis of secondary metabolites // pae01120:microbial metabolism in diverse environments // pae01230:biosynthesis of amino acids
426	Q9I0T3	PA2551	No pathways
427	P29363	PA3735	pae00260:glycine, serine and threonine metabolism // pae00750:vitamin b6 metabolism // pae01100:metabolic pathways // pae01110:biosynthesis of secondary metabolites // pae01120:microbial metabolism in diverse environments // pae01230:biosynthesis of amino acids
428	G3XCU6	PA1754	No pathways
429	Q9I7C1	PA0005	pae00561:glycerolipid metabolism // pae00564:glycerophospholipid metabolism // pae01100:metabolic pathways // pae01110:biosynthesis of secondary metabolites
430	Q9HTW8	PA5222	No pathways
431	Q9I3I5	PA1528	No pathways
432	Q9HUM7	PA4937	pae03018:rna degradation
433	Q9HTM3	PA5335	No pathways
434	Q9HWE2	PA4256	pae03010:ribosome
435	Q9HUC0	PA5063	pae00130:ubiquinone and other terpenoid-quinone biosynthesis // pae01100:metabolic pathways // pae01110:biosynthesis of secondary metabolites // pae01240:biosynthesis of cofactors
436	Q9HY72	PA3539	No pathways
437	P65116	PA2619	No pathways
438	Q9HV51	PA4748	pae00010:glycolysis / gluconeogenesis // pae00051:fructose and mannose metabolism // pae00562:inositol phosphate metabolism // pae01100:metabolic pathways // pae01110:biosynthesis of secondary metabolites // pae01120:microbial metabolism in diverse environments // pae01200:carbon metabolism // pae01230:biosynthesis of amino acids
439	Q9HTY9	PA5200	pae02020:two-component system
440	Q9I4Q3	PA1076	No pathways
441	Q9I521	PA0937	No pathways
442	P38103	PA4759	pae00261:monobactam biosynthesis // pae00300:lysine biosynthesis // pae01100:metabolic pathways // pae01110:biosynthesis of secondary metabolites // pae01120:microbial metabolism in diverse environments // pae01230:biosynthesis of amino acids
443	U5R3C8	NA	No pathways
444	Q9I300	PA1737	pae00071:fatty acid degradation // pae00280:valine, leucine and isoleucine degradation // pae00281:geraniol degradation // pae00310:lysine degradation // pae00362:benzoate degradation // pae00380:tryptophan metabolism // pae00410:beta-alanine metabolism // pae00640:propanoate metabolism // pae00650:butanoate metabolism // pae00903:limonene and pinene degradation // pae00930:caprolactam degradation // pae01100:metabolic pathways // pae01110:biosynthesis of secondary metabolites // pae01120:microbial metabolism in diverse environments // pae01200:carbon metabolism // pae01212:fatty acid metabolism
445	Q9I2R2	PA1833	No pathways
446	U5R4N6	NA	No pathways
447	Q9I714	PA0118	No pathways
448	U5QZV2	NA	No pathways
449	Q9HXP9	PA3745	pae03010:ribosome
450	P72157	PA5426	pae00230:purine metabolism // pae01100:metabolic pathways // pae01110:biosynthesis of secondary metabolites
451	Q9HWE6	PA4252	pae03010:ribosome
452	Q9I490	PA1254	pae00330:arginine and proline metabolism // pae01100:metabolic pathways
453	O52761	PA4237	pae03010:ribosome
454	Q9HXY2	PA3652	pae00550:peptidoglycan biosynthesis // pae00900:terpenoid backbone biosynthesis // pae01110:biosynthesis of secondary metabolites
455	Q9I0L2	PA2626	pae04122:sulfur relay system
456	G3XD64	PA1454	No pathways
457	Q9HU56	PA5128	pae02024:quorum sensing // pae03060:protein export // pae03070:bacterial secretion system
458	Q9HU24	PA5161	pae00521:streptomycin biosynthesis // pae00523:polyketide sugar unit biosynthesis // pae00525:acarbose and validamycin biosynthesis // pae00541:o-antigen nucleotide sugar biosynthesis // pae01100:metabolic pathways // pae01110:biosynthesis of secondary metabolites
459	Q9HZA4	PA3120	pae00290:valine, leucine and isoleucine biosynthesis // pae00660:c5-branched dibasic acid metabolism // pae01100:metabolic pathways // pae01110:biosynthesis of secondary metabolites // pae01210:2-oxocarboxylic acid metabolism // pae01230:biosynthesis of amino acids
460	P57668	PA2532	No pathways
461	Q9I3D8	PA1579	No pathways
462	Q9HUB5	PA5068	pae03060:protein export // pae03070:bacterial secretion system
463	Q9HUN7	PA4927	No pathways
464	O30508	PA0895	pae00330:arginine and proline metabolism // pae01100:metabolic pathways
465	Q9HX97	PA3916	pae00790:folate biosynthesis // pae01100:metabolic pathways // pae01240:biosynthesis of cofactors // pae04122:sulfur relay system
466	Q9I348	PA1677	No pathways
467	Q9I291	PA2023	pae00040:pentose and glucuronate interconversions // pae00052:galactose metabolism // pae00500:starch and sucrose metabolism // pae00520:amino sugar and nucleotide sugar metabolism // pae00541:o-antigen nucleotide sugar biosynthesis // pae01100:metabolic pathways // pae01110:biosynthesis of secondary metabolites // pae01240:biosynthesis of cofactors
468	Q9I685	PA0432	pae00270:cysteine and methionine metabolism // pae01100:metabolic pathways
469	Q9I730	PA0102	pae00910:nitrogen metabolism // pae01100:metabolic pathways
470	Q9I0M2	PA2616	pae00450:selenocompound metabolism
471	Q9HZ66	PA3167	pae00260:glycine, serine and threonine metabolism // pae00270:cysteine and methionine metabolism // pae00680:methane metabolism // pae00750:vitamin b6 metabolism // pae01100:metabolic pathways // pae01110:biosynthesis of secondary metabolites // pae01120:microbial metabolism in diverse environments // pae01200:carbon metabolism // pae01230:biosynthesis of amino acids // pae01240:biosynthesis of cofactors
472	Q9HWE4	PA4254	pae03010:ribosome
473	Q9HTL0	PA5348	No pathways
474	Q9I2R7	PA1828	No pathways
475	Q9HUD4	PA5037	No pathways
476	Q9HXU0	PA3700	pae00970:aminoacyl-trna biosynthesis
477	Q9HZ76	PA3155	pae00520:amino sugar and nucleotide sugar metabolism // pae00541:o-antigen nucleotide sugar biosynthesis // pae01100:metabolic pathways
478	Q9HWD7	PA4261	pae03010:ribosome
479	P47205	PA4406	pae00540:lipopolysaccharide biosynthesis // pae01100:metabolic pathways
480	Q9I2Q7	PA1838	pae00920:sulfur metabolism // pae01100:metabolic pathways // pae01120:microbial metabolism in diverse environments
481	Q9HT19	PA5555	pae00190:oxidative phosphorylation // pae01100:metabolic pathways
482	Q9HVX6	PA4439	pae00970:aminoacyl-trna biosynthesis
483	Q9HVE6	PA4646	pae00240:pyrimidine metabolism // pae01100:metabolic pathways
484	Q9HTX5	PA5215	pae00260:glycine, serine and threonine metabolism // pae00630:glyoxylate and dicarboxylate metabolism // pae00670:one carbon pool by folate // pae01100:metabolic pathways // pae01110:biosynthesis of secondary metabolites // pae01200:carbon metabolism
485	Q9I3B2	PA1609	pae00061:fatty acid biosynthesis // pae00780:biotin metabolism // pae01100:metabolic pathways // pae01212:fatty acid metabolism // pae01240:biosynthesis of cofactors
486	Q9S586	PA0608	pae00630:glyoxylate and dicarboxylate metabolism // pae01100:metabolic pathways // pae01110:biosynthesis of secondary metabolites
487	Q9HXI4	PA3818	pae00521:streptomycin biosynthesis // pae00562:inositol phosphate metabolism // pae01100:metabolic pathways // pae01110:biosynthesis of secondary metabolites
488	P43904	PA0025	pae00400:phenylalanine, tyrosine and tryptophan biosynthesis // pae01100:metabolic pathways // pae01110:biosynthesis of secondary metabolites // pae01230:biosynthesis of amino acids
489	Q9HY77	PA3533	No pathways
490	Q9HXI0	PA3822	pae02024:quorum sensing // pae03060:protein export // pae03070:bacterial secretion system
491	O87125	PA1459	pae02020:two-component system // pae02030:bacterial chemotaxis
492	Q9I433	PA1311	pae00440:phosphonate and phosphinate metabolism // pae01100:metabolic pathways // pae01120:microbial metabolism in diverse environments
493	Q9HW93	PA4307	pae02020:two-component system // pae02030:bacterial chemotaxis
494	Q9I7C4	PA0002	pae03030:dna replication // pae03430:mismatch repair // pae03440:homologous recombination
495	P30819	PA4524	pae00760:nicotinate and nicotinamide metabolism // pae01100:metabolic pathways // pae01240:biosynthesis of cofactors
496	Q9I3E3	PA1574	pae00230:purine metabolism // pae00240:pyrimidine metabolism // pae01100:metabolic pathways // pae01110:biosynthesis of secondary metabolites
497	O50175	PA0899	pae00330:arginine and proline metabolism // pae01100:metabolic pathways
498	P07344	PA0035	pae00260:glycine, serine and threonine metabolism // pae00400:phenylalanine, tyrosine and tryptophan biosynthesis // pae01100:metabolic pathways // pae01110:biosynthesis of secondary metabolites // pae01230:biosynthesis of amino acids
499	P32722	PA0958	pae01501:beta-lactam resistance // pae02020:two-component system
500	P33883	PA1432	pae00270:cysteine and methionine metabolism // pae01100:metabolic pathways // pae02024:quorum sensing // pae02025:biofilm formation - pseudomonas aeruginosa
501	P34002	PA5038	pae00400:phenylalanine, tyrosine and tryptophan biosynthesis // pae01100:metabolic pathways // pae01110:biosynthesis of secondary metabolites // pae01230:biosynthesis of amino acids
502	P55218	PA3107	pae00270:cysteine and methionine metabolism // pae00920:sulfur metabolism // pae01100:metabolic pathways
503	P72158	PA5425	pae00230:purine metabolism // pae01100:metabolic pathways // pae01110:biosynthesis of secondary metabolites
504	Q51385	PA3806	No pathways
505	Q9HUG4	PA5001	No pathways
506	Q9HUJ2	PA4973	pae00730:thiamine metabolism // pae01100:metabolic pathways // pae01240:biosynthesis of cofactors
507	Q9HWF9	PA4235	pae00860:porphyrin and chlorophyll metabolism
508	Q9HYE0	PA3466	No pathways
509	Q9HYI8	PA3417	pae00010:glycolysis / gluconeogenesis // pae00020:citrate cycle (tca cycle) // pae00620:pyruvate metabolism // pae01100:metabolic pathways // pae01110:biosynthesis of secondary metabolites // pae01120:microbial metabolism in diverse environments // pae01200:carbon metabolism
510	Q9HZ32	PA3208	No pathways
511	U5R4Y8	NA	No pathways
512	Q9HZU4	PA2903	pae00860:porphyrin and chlorophyll metabolism // pae01100:metabolic pathways // pae01240:biosynthesis of cofactors
513	Q9I2A8	PA2001	pae00071:fatty acid degradation // pae00072:synthesis and degradation of ketone bodies // pae00280:valine, leucine and isoleucine degradation // pae00310:lysine degradation // pae00362:benzoate degradation // pae00380:tryptophan metabolism // pae00620:pyruvate metabolism // pae00630:glyoxylate and dicarboxylate metabolism // pae00640:propanoate metabolism // pae00650:butanoate metabolism // pae00900:terpenoid backbone biosynthesis // pae01100:metabolic pathways // pae01110:biosynthesis of secondary metabolites // pae01120:microbial metabolism in diverse environments // pae01200:carbon metabolism // pae01212:fatty acid metabolism // pae02020:two-component system
514	Q9I351	PA1674	pae00790:folate biosynthesis // pae01100:metabolic pathways // pae01240:biosynthesis of cofactors
515	Q9I5B9	PA0820	No pathways
516	Q9I6I9	PA0302	pae02010:abc transporters
517	Q9I740	PA0092	No pathways
518	Q9Z9H0	PA3658	pae02020:two-component system
