queryIndex	queryItem	stringId	identity	bitscore	preferredName	annotation
1	sp|P57703|METE_PSEAE	287.DR97_5918	99.7	1535.4	metE	met_syn_B12ind: 5-methyltetrahydropteroyltriglutamate--homocysteine S-methyltransferase
2	tr|Q9HYE7|Q9HYE7_PSEAE	287.DR97_4462	100.0	1210.7	DR97_4462	Glutamine amidotransferase; asn_synth_AEB: asparagine synthase
3	sp|Q59636|NDK_PSEAE	287.DR97_4062	100.0	273.9	ndk	Nucleoside diphosphate kinase; Major role in the synthesis of nucleoside triphosphates other than ATP. The ATP gamma phosphate is transferred to the NDP beta phosphate via a ping-pong mechanism, using a phosphorylated active-site intermediate
4	sp|Q9I5Z0|METK_PSEAE	287.DR97_3515	100.0	770.4	metK	S-adenosylmethionine synthase; Catalyzes the formation of S-adenosylmethionine (AdoMet) from methionine and ATP. The overall synthetic reaction is composed of two sequential steps, AdoMet formation and the subsequent tripolyphosphate hydrolysis which occurs prior to release of AdoMet from the enzyme
5	tr|Q9I3D5|Q9I3D5_PSEAE	287.DR97_306	100.0	1178.3	sdhA	sdhA_forward: succinate dehydrogenase, flavoprotein subunit; Belongs to the FAD-dependent oxidoreductase 2 family. FRD/SDH subfamily
6	tr|Q9HYG5|Q9HYG5_PSEAE	287.DR97_4480	100.0	127.5	mopII	Mop: molybdenum-pterin binding domain protein
7	sp|Q51404|FUMC2_PSEAE	287.DR97_1649	99.8	871.7	fumC1	Fumarate hydratase class II; Involved in the TCA cycle. Catalyzes the stereospecific interconversion of fumarate to L-malate; Belongs to the class-II fumarase/aspartase family. Fumarase subfamily
8	sp|Q9HXB0|RF3_PSEAE	287.DR97_3963	100.0	1073.9	prfC	Peptide chain release factor 3; Increases the formation of ribosomal termination complexes and stimulates activities of RF-1 and RF-2. It binds guanine nucleotides and has strong preference for UGA stop codons. It may interact directly with the ribosome. The stimulation of RF- 1 and RF-2 is significantly reduced by GTP and GDP, but not by GMP
9	sp|Q9HU15|FABY_PSEAE	287.DR97_2542	100.0	1258.8	DR97_2542	Beta-ketoacyl synthase, C-terminal domain protein; Belongs to the beta-ketoacyl-ACP synthases family
10	sp|P05384|DBHB_PSEAE	287.DR97_76	100.0	167.2	hupB_2	DNA-binding protein HU-beta; Histone-like DNA-binding protein which is capable of wrapping DNA to stabilize it, and thus to prevent its denaturation under extreme environmental conditions
11	tr|Q9HX05|Q9HX05_PSEAE	287.DR97_3845	99.8	1019.6	aldA1	annotation not available
12	tr|Q9I2C4|Q9I2C4_PSEAE	287.DR97_5863	99.8	1020.4	aldA3	annotation not available
13	tr|Q9HZ48|Q9HZ48_PSEAE	287.DR97_4746	100.0	835.9	DR97_4746	annotation not available
14	tr|Q9I6H5|Q9I6H5_PSEAE	287.DR97_3280	100.0	804.3	serA	annotation not available
15	sp|Q9I6E0|ILVD_PSEAE	287.DR97_3319	100.0	1219.5	ilvD	ilvD: dihydroxy-acid dehydratase; Belongs to the IlvD/Edd family
16	sp|Q9I6J1|SPUD_PSEAE	287.DR97_3262	100.0	744.6	potF1	annotation not available
17	sp|Q9HW11|Y4395_PSEAE	287.DR97_1573	99.4	306.6	DR97_1573	UPF0234 protein PAMH19_3768; Belongs to the UPF0234 family
18	sp|P37798|ACCC_PSEAE	287.DR97_2199	100.0	896.7	accC3	accC: acetyl-CoA carboxylase, biotin carboxylase subunit
19	sp|Q9HVI7|GLYA3_PSEAE	287.DR97_1908	99.8	823.9	glyA2	Serine hydroxymethyltransferase; Catalyzes the reversible interconversion of serine and glycine with tetrahydrofolate (THF) serving as the one-carbon carrier. This reaction serves as the major source of one-carbon groups required for the biosynthesis of purines, thymidylate, methionine, and other important biomolecules. Also exhibits THF- independent aldolase activity toward beta-hydroxyamino acids, producing glycine and aldehydes, via a retro-aldol mechanism
20	tr|Q9HVA0|Q9HVA0_PSEAE	287.DR97_2038	100.0	1159.8	ilvB	Acolac_lg: acetolactate synthase, large subunit, biosynthetic type
21	sp|Q9HXY7|FABZ_PSEAE	287.DR97_4294	100.0	307.0	fabZ	3-hydroxyacyl-[acyl-carrier-protein] dehydratase FabZ; Involved in unsaturated fatty acids biosynthesis. Catalyzes the dehydration of short chain beta-hydroxyacyl-ACPs and long chain saturated and unsaturated beta-hydroxyacyl-ACPs
22	sp|Q9HVF1|MQO2_PSEAE	287.DR97_1949	99.8	1011.9	mqo2	Probable malate:quinone oxidoreductase; Mal_quin_oxido: malate dehydrogenase
23	sp|Q9I6F1|TYSY_PSEAE	287.DR97_3308	100.0	563.5	thyA	Thymidylate synthase; Catalyzes the reductive methylation of 2'-deoxyuridine- 5'-monophosphate (dUMP) to 2'-deoxythymidine-5'-monophosphate (dTMP) while utilizing 5,10-methylenetetrahydrofolate (mTHF) as the methyl donor and reductant in the reaction, yielding dihydrofolate (DHF) as a by-product. This enzymatic reaction provides an intracellular de novo source of dTMP, an essential precursor for DNA biosynthesis
24	tr|Q9HUQ0|Q9HUQ0_PSEAE	287.DR97_2264	99.7	741.9	livJ	annotation not available
25	sp|Q9I6L0|CYSA_PSEAE	287.DR97_3242	99.7	652.5	cysA	Sulfate/thiosulfate import ATP-binding protein CysA; Part of the ABC transporter complex CysAWTP involved in sulfate/thiosulfate import. Responsible for energy coupling to the transport system; Belongs to the ABC transporter superfamily. Sulfate/tungstate importer (TC 3.A.1.6) family
26	tr|Q9I4J5|Q9I4J5_PSEAE	287.DR97_794	100.0	597.0	ylbA	annotation not available
27	tr|Q9HTT8|Q9HTT8_PSEAE	287.DR97_2628	100.0	792.7	hemY	annotation not available
28	tr|Q9I4H8|Q9I4H8_PSEAE	287.DR97_775	100.0	144.4	cspA_2	annotation not available
29	tr|Q9HZ06|Q9HZ06_PSEAE	287.DR97_4701	100.0	1031.9	actP1	Cation/acetate symporter ActP; Sss: transporter, solute:sodium symporter family protein; Belongs to the sodium:solute symporter (SSF) (TC 2.A.21) family
30	sp|Q9HZE0|DHE2_PSEAE	287.DR97_4868	100.0	3218.3	gdhB	annotation not available
31	tr|Q9I2W9|Q9I2W9_PSEAE	287.DR97_116	100.0	1566.6	ppsA	Phosphoenolpyruvate synthase; Catalyzes the phosphorylation of pyruvate to phosphoenolpyruvate; Belongs to the PEP-utilizing enzyme family
32	sp|O69077|AK_PSEAE	287.DR97_1039	100.0	780.0	lysC	Aspartokinase; Asp_kin_monofn: aspartate kinase, monofunctional class; Belongs to the aspartokinase family
33	tr|Q9I5Y8|Q9I5Y8_PSEAE	287.DR97_3517	99.8	1345.9	tkt	Transketolase; Catalyzes the transfer of a two-carbon ketol group from a ketose donor to an aldose acceptor, via a covalent intermediate with the cofactor thiamine pyrophosphate
34	sp|Q9HZP5|ETFD_PSEAE	287.DR97_4986	100.0	1145.2	DR97_4986	annotation not available
35	tr|Q9HVA3|Q9HVA3_PSEAE	287.DR97_2035	100.0	509.6	pssA	Phosphatidylserine synthase; pssA: CDP-diacylglycerol-serine O-phosphatidyltransferase; Belongs to the CDP-alcohol phosphatidyltransferase class-I family
36	sp|P53593|SUCC_PSEAE	287.DR97_301	100.0	761.1	sucC	Succinate--CoA ligase [ADP-forming] subunit beta; Succinyl-CoA synthetase functions in the citric acid cycle (TCA), coupling the hydrolysis of succinyl-CoA to the synthesis of either ATP or GTP and thus represents the only step of substrate-level phosphorylation in the TCA. The beta subunit provides nucleotide specificity of the enzyme and binds the substrate succinate, while the binding sites for coenzyme A and phosphate are found in the alpha subunit
37	tr|Q9I6T9|Q9I6T9_PSEAE	287.DR97_3153	100.0	860.1	pntB	NAD(P) transhydrogenase subunit beta; The transhydrogenation between NADH and NADP is coupled to respiration and ATP hydrolysis and functions as a proton pump across the membrane
38	sp|Q9I0J6|NUOG_PSEAE	287.DR97_5320	99.9	1822.8	nuoG	NADH-quinone oxidoreductase; nuoG: NADH dehydrogenase (quinone), G subunit
39	tr|Q9HW15|Q9HW15_PSEAE	287.DR97_1567	100.0	489.2	speA3	annotation not available
40	tr|Q9HT28|Q9HT28_PSEAE	287.DR97_2925	99.7	804.3	DR97_2925	annotation not available
41	sp|Q51485|PORB_PSEAE	287.DR97_4750	100.0	961.1	oprB1	annotation not available
42	sp|Q9I702|BAUC_PSEAE	287.DR97_3087	99.8	1004.2	iolA2	MMSDH: methylmalonate-semialdehyde dehydrogenase
43	tr|Q9I696|Q9I696_PSEAE	287.DR97_3381	99.6	4410.9	chpA	annotation not available
44	sp|P08308|OTCC_PSEAE	287.DR97_2540	100.0	679.5	arcB	Ornithine carbamoyltransferase; Reversibly catalyzes the transfer of the carbamoyl group from carbamoyl phosphate (CP) to the N(epsilon) atom of ornithine (ORN) to produce L-citrulline
45	tr|Q9I671|Q9I671_PSEAE	287.DR97_3413	99.7	798.1	Gcdh	Glutaryl-CoA dehydrogenase, mitochondrial; acyl-CoA dehydrogenase, N-terminal domain protein
46	tr|Q9I6Z3|Q9I6Z3_PSEAE	287.DR97_3096	100.0	390.6	ahpC	Alkyl hydroperoxide reductase subunit C; ahpC: peroxiredoxin
47	sp|Q9HXJ4|ISPG_PSEAE	287.DR97_4066	100.0	722.2	ispG	4-hydroxy-3-methylbut-2-en-1-yl diphosphate synthase (flavodoxin); Converts 2C-methyl-D-erythritol 2,4-cyclodiphosphate (ME-2,4cPP) into 1-hydroxy-2-methyl-2-(E)-butenyl 4-diphosphate; Belongs to the IspG family
48	sp|Q9HUC5|HSLU_PSEAE	287.DR97_2409	100.0	856.3	hslU	ATP-dependent protease ATPase subunit HslU; ATPase subunit of a proteasome-like degradation complex; this subunit has chaperone activity. The binding of ATP and its subsequent hydrolysis by HslU are essential for unfolding of protein substrates subsequently hydrolyzed by HslV. HslU recognizes the N-terminal part of its protein substrates and unfolds these before they are guided to HslV for hydrolysis
49	tr|Q9I687|Q9I687_PSEAE	287.DR97_3398	100.0	576.2	metF	Fadh2: 5,10-methylenetetrahydrofolate reductase
50	sp|Q9HWD2|EFG1_PSEAE	287.DR97_3645	100.0	1398.6	fusA1	Elongation factor G; Catalyzes the GTP-dependent ribosomal translocation step during translation elongation. During this step, the ribosome changes from the pre-translocational (PRE) to the post- translocational (POST) state as the newly formed A-site-bound peptidyl-tRNA and P-site-bound deacylated tRNA move to the P and E sites, respectively. Catalyzes the coordinated movement of the two tRNA molecules, the mRNA and conformational changes in the ribosome
51	sp|P46384|PILG_PSEAE	287.DR97_3376	100.0	267.7	pilG	annotation not available
52	sp|P57112|STHA_PSEAE	287.DR97_4947	100.0	931.4	sthA	Soluble pyridine nucleotide transhydrogenase; Conversion of NADPH, generated by peripheral catabolic pathways, to NADH, which can enter the respiratory chain for energy generation; Belongs to the class-I pyridine nucleotide-disulfide oxidoreductase family
53	tr|Q9I672|Q9I672_PSEAE	287.DR97_3412	100.0	817.0	bbsF_1	annotation not available
54	sp|Q9HZU2|COBH_PSEAE	287.DR97_5036	99.5	394.0	cobH	annotation not available
55	sp|P31961|EDD_PSEAE	287.DR97_4742	100.0	1208.7	edd	Edd: phosphogluconate dehydratase; Belongs to the IlvD/Edd family
56	tr|Q9HVV5|Q9HVV5_PSEAE	287.DR97_1642	100.0	199.5	raiA	Ribosome hibernation promoting factor; yfiA: ribosomal subunit interface protein
57	sp|Q9I2V5|ACNB_PSEAE	287.DR97_99	100.0	1741.1	acnB	acnB: aconitate hydratase 2; Belongs to the aconitase/IPM isomerase family
58	tr|G3XD89|G3XD89_PSEAE	287.DR97_4079	99.6	1476.5	oprC	Putative copper transport outer membrane porin OprC; tonB-copper: TonB-dependent copper receptor
59	tr|Q9HTD0|Q9HTD0_PSEAE	287.DR97_2813	100.0	935.3	cfiB	accC: acetyl-CoA carboxylase, biotin carboxylase subunit
60	sp|Q9I4X2|PQSB_PSEAE	287.DR97_950	100.0	570.9	pqsB	annotation not available
61	sp|Q51561|RPOB_PSEAE	287.DR97_3641	99.9	2609.7	rpoB	DNA-directed RNA polymerase subunit beta; DNA-dependent RNA polymerase catalyzes the transcription of DNA into RNA using the four ribonucleoside triphosphates as substrates
62	tr|Q9I5E3|Q9I5E3_PSEAE	287.DR97_1187	99.7	750.0	prpC	cit_synth_II: 2-methylcitrate synthase/citrate synthase II family protein; Belongs to the citrate synthase family
63	sp|Q9HZJ2|FADB_PSEAE	287.DR97_4923	100.0	1391.7	fadB	Fatty acid oxidation complex subunit alpha; Involved in the aerobic and anaerobic degradation of long-chain fatty acids via beta-oxidation cycle. Catalyzes the formation of 3-oxoacyl-CoA from enoyl-CoA via L-3-hydroxyacyl-CoA. It can also use D-3-hydroxyacyl-CoA and cis-3-enoyl-CoA as substrate; In the N-terminal section; belongs to the enoyl-CoA hydratase/isomerase family
64	tr|Q9HW72|Q9HW72_PSEAE	287.DR97_1505	100.0	936.0	pykA	Pyruv_kin: pyruvate kinase; Belongs to the pyruvate kinase family
65	sp|Q9HVZ5|RSMH_PSEAE	287.DR97_1598	99.7	610.1	rsmH	Ribosomal RNA small subunit methyltransferase H; Specifically methylates the N4 position of cytidine in position 1402 (C1402) of 16S rRNA
66	sp|Q9I3D1|DLDH2_PSEAE	287.DR97_302	99.8	919.5	lpd	lipoamide_DH: dihydrolipoyl dehydrogenase
67	sp|Q9HV44|DNAJ_PSEAE	287.DR97_2104	100.0	638.3	dnaJ	Chaperone protein DnaJ; Participates actively in the response to hyperosmotic and heat shock by preventing the aggregation of stress-denatured proteins and by disaggregating proteins, also in an autonomous, DnaK-independent fashion. Unfolded proteins bind initially to DnaJ; upon interaction with the DnaJ-bound protein, DnaK hydrolyzes its bound ATP, resulting in the formation of a stable complex. GrpE releases ADP from DnaK; ATP binding to DnaK triggers the release of the substrate protein, thus completing the reaction cycle. Several rounds of ATP-dependent interactions between DnaJ, D [...] 
68	sp|Q9I558|ACSA1_PSEAE	287.DR97_1056	100.0	1350.9	acsA1	Acetyl-coenzyme A synthetase; Catalyzes the conversion of acetate into acetyl-CoA (AcCoA), an essential intermediate at the junction of anabolic and catabolic pathways. AcsA undergoes a two-step reaction. In the first half reaction, AcsA combines acetate with ATP to form acetyl-adenylate (AcAMP) intermediate. In the second half reaction, it can then transfer the acetyl group from AcAMP to the sulfhydryl group of CoA, forming the product AcCoA; Belongs to the ATP-dependent AMP-binding enzyme family
69	sp|Q9HV50|GLMM_PSEAE	287.DR97_2093	99.8	885.6	glmM	Phosphoglucosamine mutase; Catalyzes the conversion of glucosamine-6-phosphate to glucosamine-1-phosphate; Belongs to the phosphohexose mutase family
70	sp|Q9HT80|DPO1_PSEAE	287.DR97_2871	98.7	1748.0	polA	DNA polymerase I; In addition to polymerase activity, this DNA polymerase exhibits 5'-3' exonuclease activity
71	tr|Q9HTD1|Q9HTD1_PSEAE	287.DR97_2812	100.0	1198.7	oadA	oadA: oxaloacetate decarboxylase alpha subunit
72	sp|Q51344|DHAS_PSEAE	287.DR97_4816	100.0	746.9	asd	Aspartate-semialdehyde dehydrogenase; Catalyzes the NADPH-dependent formation of L-aspartate- semialdehyde (L-ASA) by the reductive dephosphorylation of L- aspartyl-4-phosphate; Belongs to the aspartate-semialdehyde dehydrogenase family
73	sp|Q9I4W3|DAPA_PSEAE	287.DR97_937	100.0	578.2	dapA_1	4-hydroxy-tetrahydrodipicolinate synthase; Catalyzes the condensation of (S)-aspartate-beta- semialdehyde [(S)-ASA] and pyruvate to 4-hydroxy- tetrahydrodipicolinate (HTPA)
74	tr|Q9I022|Q9I022_PSEAE	287.DR97_5120	99.5	443.0	sspA_3	Glutathione S-transferase, N-terminal domain protein
75	tr|Q9I5U9|Q9I5U9_PSEAE	287.DR97_3557	100.0	1279.6	yeaG	prkA serine kinase C-terminal domain protein
76	sp|P09591|EFTU_PSEAE	287.DR97_3646	100.0	797.7	tufA3	Elongation factor Tu; This protein promotes the GTP-dependent binding of aminoacyl-tRNA to the A-site of ribosomes during protein biosynthesis
77	sp|O52762|CATA_PSEAE	287.DR97_3675	100.0	1013.1	katA	annotation not available
79	tr|Q9I693|Q9I693_PSEAE	287.DR97_3388	99.8	968.8	bioA	Adenosylmethionine-8-amino-7-oxononanoate aminotransferase; Catalyzes the transfer of the alpha-amino group from S- adenosyl-L-methionine (SAM) to 7-keto-8-aminopelargonic acid (KAPA) to form 7,8-diaminopelargonic acid (DAPA). It is the only animotransferase known to utilize SAM as an amino donor; Belongs to the class-III pyridoxal-phosphate-dependent aminotransferase family. BioA subfamily
80	sp|Q9HWC8|RL7_PSEAE	287.DR97_3640	100.0	171.8	rplL	50S ribosomal protein L7/L12; Forms part of the ribosomal stalk which helps the ribosome interact with GTP-bound translation factors. Is thus essential for accurate translation
81	sp|P13794|PORF_PSEAE	287.DR97_109	100.0	695.7	oprF	annotation not available
82	sp|Q9HYC9|DCD_PSEAE	287.DR97_4441	100.0	389.4	dcd	dCTP_deam: deoxycytidine triphosphate deaminase; Belongs to the dCTP deaminase family
83	tr|Q9I020|Q9I020_PSEAE	287.DR97_5118	100.0	598.2	DR97_5118	annotation not available
84	sp|Q9I5Y4|PGK_PSEAE	287.DR97_3521	99.7	728.0	pgk	annotation not available
85	tr|Q9HY79|Q9HY79_PSEAE	287.DR97_4411	100.0	321.6	bfr3	Bacterioferritin; Iron-storage protein, whose ferroxidase center binds Fe(2+) ions, oxidizes them by dioxygen to Fe(3+), and participates in the subsequent Fe(3+) oxide mineral core formation within the central cavity of the protein complex
86	sp|Q9HWF1|RL18_PSEAE	287.DR97_3664	100.0	215.3	rplR	50S ribosomal protein L18; This is one of the proteins that binds and probably mediates the attachment of the 5S RNA into the large ribosomal subunit, where it forms part of the central protuberance
87	sp|Q9HWC9|RPOC_PSEAE	287.DR97_3642	100.0	2743.0	rpoC	DNA-directed RNA polymerase subunit beta; DNA-dependent RNA polymerase catalyzes the transcription of DNA into RNA using the four ribonucleoside triphosphates as substrates
88	sp|Q59638|ODP2_PSEAE	287.DR97_2371	99.8	813.9	aceF	Acetyltransferase component of pyruvate dehydrogenase complex; The pyruvate dehydrogenase complex catalyzes the overall conversion of pyruvate to acetyl-CoA and CO(2)
89	tr|Q9I4W5|Q9I4W5_PSEAE	287.DR97_939	100.0	322.8	bcp	annotation not available
90	tr|G3XDA2|G3XDA2_PSEAE	287.DR97_4974	100.0	820.8	fabF1	3-oxoacyl-[acyl-carrier-protein] synthase 2; Catalyzes the condensation reaction of fatty acid synthesis by the addition to an acyl acceptor of two carbons from malonyl-ACP
91	tr|Q9HUC3|Q9HUC3_PSEAE	287.DR97_2415	100.0	262.7	DR97_2415	Polyhydroxyalkanoate synthesis protein PhaF; PHA_granule_1: poly(hydroxyalkanoate) granule-associated domain protein
92	sp|Q9HZ71|RS1_PSEAE	287.DR97_4774	100.0	1087.4	rpsA	30S ribosomal protein S1; Binds mRNA; thus facilitating recognition of the initiation point. It is needed to translate mRNA with a short Shine-Dalgarno (SD) purine-rich sequence
93	sp|O82853|RRF_PSEAE	287.DR97_4286	100.0	341.7	frr	Ribosome-recycling factor; Responsible for the release of ribosomes from messenger RNA at the termination of protein biosynthesis. May increase the efficiency of translation by recycling ribosomes from one round of translation to another
94	sp|O82851|EFTS_PSEAE	287.DR97_4284	100.0	528.5	tsf	Elongation factor Ts; Associates with the EF-Tu.GDP complex and induces the exchange of GDP to GTP. It remains bound to the aminoacyl-tRNA.EF- Tu.GTP complex up to the GTP hydrolysis stage on the ribosome
95	sp|Q9HWD1|RS7_PSEAE	287.DR97_3644	100.0	298.9	rpsG	30S ribosomal protein S7; One of the primary rRNA binding proteins, it binds directly to 16S rRNA where it nucleates assembly of the head domain of the 30S subunit. Is located at the subunit interface close to the decoding center, probably blocks exit of the E-site tRNA
96	tr|Q9HUC1|Q9HUC1_PSEAE	287.DR97_2417	100.0	176.0	DR97_2417	annotation not available
97	sp|O50273|CYSD_PSEAE	287.DR97_1621	100.0	619.0	cysD	cysD: sulfate adenylyltransferase, small subunit
98	sp|Q9HZ65|MTNA_PSEAE	287.DR97_4767	100.0	698.0	mtnA	Methylthioribose-1-phosphate isomerase; Catalyzes the interconversion of methylthioribose-1- phosphate (MTR-1-P) into methylthioribulose-1-phosphate (MTRu-1- P)
99	sp|Q9I0M3|FTSK_PSEAE	287.DR97_5347	97.6	1454.1	ftsK	annotation not available
100	sp|Q59637|ODP1_PSEAE	287.DR97_2370	100.0	1814.7	aceE	Pyruvate dehydrogenase E1 component; Component of the pyruvate dehydrogenase (PDH) complex, that catalyzes the overall conversion of pyruvate to acetyl-CoA and CO(2)
101	sp|Q9I3K7|MOAA2_PSEAE	287.DR97_517	100.0	657.1	moaA2	GTP 3',8-cyclase; Catalyzes the cyclization of GTP to (8S)-3',8-cyclo-7,8- dihydroguanosine 5'-triphosphate; Belongs to the radical SAM superfamily. MoaA family
102	sp|Q9K3C5|FLID2_PSEAE	287.DR97_844	44.1	308.5	fliD	A-type flagellar hook-associated protein 2; Required for the morphogenesis and for the elongation of the flagellar filament by facilitating polymerization of the flagellin monomers at the tip of growing filament. Forms a capping structure, which prevents flagellin subunits (transported through the central channel of the flagellum) from leaking out without polymerization at the distal end. Essential for motility. Responsible for adhesion to mucin, which is the initial event in colonization by this organism of the airways of cystic fibrosis patients
103	tr|Q9I0L4|Q9I0L4_PSEAE	287.DR97_5338	99.7	1461.8	icd3	Monomer_idh: isocitrate dehydrogenase, NADP-dependent
104	tr|Q9I689|Q9I689_PSEAE	287.DR97_3396	99.8	938.3	DR97_3396	ATP-dependent RNA helicase RhlE; DEAD-box RNA helicase involved in ribosome assembly. Has RNA-dependent ATPase activity and unwinds double-stranded RNA
105	tr|Q9I6D9|Q9I6D9_PSEAE	287.DR97_3320	99.7	786.2	DR97_3320	annotation not available
106	sp|Q9HT20|ATPB_PSEAE	287.DR97_2933	100.0	899.0	atpD	ATP synthase subunit beta; Produces ATP from ADP in the presence of a proton gradient across the membrane. The catalytic sites are hosted primarily by the beta subunits
107	sp|Q9HT17|ATPD_PSEAE	287.DR97_2936	100.0	323.9	atpH	ATP synthase subunit delta; F(1)F(0) ATP synthase produces ATP from ADP in the presence of a proton or sodium gradient. F-type ATPases consist of two structural domains, F(1) containing the extramembraneous catalytic core and F(0) containing the membrane proton channel, linked together by a central stalk and a peripheral stalk. During catalysis, ATP synthesis in the catalytic domain of F(1) is coupled via a rotary mechanism of the central stalk subunits to proton translocation
108	sp|Q9HXQ2|RL19_PSEAE	287.DR97_4134	100.0	221.9	rplS	50S ribosomal protein L19; This protein is located at the 30S-50S ribosomal subunit interface and may play a role in the structure and function of the aminoacyl-tRNA binding site
109	sp|Q9HVY2|RL13_PSEAE	287.DR97_1611	100.0	295.0	rplM	50S ribosomal protein L13; This protein is one of the early assembly proteins of the 50S ribosomal subunit, although it is not seen to bind rRNA by itself. It is important during the early stages of 50S assembly
110	tr|Q9HU11|Q9HU11_PSEAE	287.DR97_2546	100.0	280.4	ygaU	LysM domain/BON superfamily protein
111	sp|Q9HVC4|RL25_PSEAE	287.DR97_1981	100.0	394.0	ctc	50S ribosomal protein L25; This is one of the proteins that binds to the 5S RNA in the ribosome where it forms part of the central protuberance
112	sp|Q59643|HEM2_PSEAE	287.DR97_2613	100.0	658.3	hemB	annotation not available
113	tr|Q9HUG1|Q9HUG1_PSEAE	287.DR97_2359	100.0	750.7	DR97_2359	annotation not available
114	tr|Q9I0H1|Q9I0H1_PSEAE	287.DR97_5293	100.0	224.6	DR97_5293	annotation not available
115	sp|O52760|RPOA_PSEAE	287.DR97_3673	100.0	640.2	rpoA	DNA-directed RNA polymerase subunit alpha; DNA-dependent RNA polymerase catalyzes the transcription of DNA into RNA using the four ribonucleoside triphosphates as substrates
116	sp|Q9HVM1|RS20_PSEAE	287.DR97_1867	100.0	166.4	rpsT	30S ribosomal protein S20; Binds directly to 16S ribosomal RNA
117	sp|Q9I5Q3|SYY2_PSEAE	287.DR97_3621	99.7	774.2	tyrS	tyrosyl-tRNA synthetase; tyrS: tyrosine--tRNA ligase
118	tr|Q9HXI9|Q9HXI9_PSEAE	287.DR97_4056	100.0	257.7	nifU	Iron-sulfur cluster assembly scaffold protein IscU; A scaffold on which IscS assembles Fe-S clusters. It is likely that Fe-S cluster coordination is flexible as the role of this complex is to build and then hand off Fe-S clusters
119	tr|Q9HU22|Q9HU22_PSEAE	287.DR97_2531	100.0	595.9	rfbA	Glucose-1-phosphate thymidylyltransferase; Catalyzes the formation of dTDP-glucose, from dTTP and glucose 1-phosphate, as well as its pyrophosphorolysis
120	sp|Q9HUU1|OADC_PSEAE	287.DR97_2223	100.0	535.0	bcpA	Oxaloacetate decarboxylase; Catalyzes the decarboxylation of oxaloacetate into pyruvate. Seems to play a role in maintaining cellular concentrations of bicarbonate and pyruvate; Belongs to the isocitrate lyase family. Oxaloacetate decarboxylase subfamily
121	sp|Q9I047|TAL_PSEAE	287.DR97_5147	100.0	602.4	tal	Transaldolase; Transaldolase is important for the balance of metabolites in the pentose-phosphate pathway
122	sp|Q9HVN5|CLPB_PSEAE	287.DR97_1845	99.9	1616.3	clpB	Chaperone protein ClpB; Part of a stress-induced multi-chaperone system, it is involved in the recovery of the cell from heat-induced damage, in cooperation with DnaK, DnaJ and GrpE; Belongs to the ClpA/ClpB family
123	tr|Q9I516|Q9I516_PSEAE	287.DR97_996	100.0	376.7	DR97_996	annotation not available
124	sp|Q9I636|MASZ_PSEAE	287.DR97_3450	99.9	1447.2	glcB	Malate synthase G; Involved in the glycolate utilization. Catalyzes the condensation and subsequent hydrolysis of acetyl-coenzyme A (acetyl-CoA) and glyoxylate to form malate and CoA; Belongs to the malate synthase family. GlcB subfamily
125	tr|Q9HUD5|Q9HUD5_PSEAE	287.DR97_2391	100.0	2849.3	gltB	annotation not available
126	sp|Q9HV55|IF2_PSEAE	287.DR97_2087	100.0	1370.1	infB	Translation initiation factor IF-2; One of the essential components for the initiation of protein synthesis. Protects formylmethionyl-tRNA from spontaneous hydrolysis and promotes its binding to the 30S ribosomal subunits. Also involved in the hydrolysis of GTP during the formation of the 70S ribosomal complex
127	sp|Q9HVL7|RL27_PSEAE	287.DR97_1871	100.0	169.5	rpmA	L27: ribosomal protein L27; Belongs to the bacterial ribosomal protein bL27 family
128	tr|Q9I3C4|Q9I3C4_PSEAE	287.DR97_292	99.2	480.7	DR97_292	annotation not available
129	tr|Q9HY81|Q9HY81_PSEAE	287.DR97_4413	100.0	408.3	tsaA	Alkyl hydroperoxide reductase; C-terminal domain of 1-Cys peroxiredoxin family protein
130	tr|Q9HWV9|Q9HWV9_PSEAE	287.DR97_3798	100.0	602.4	DR97_3798	dTDP-4-dehydrorhamnose reductase; Catalyzes the reduction of dTDP-6-deoxy-L-lyxo-4- hexulose to yield dTDP-L-rhamnose; Belongs to the dTDP-4-dehydrorhamnose reductase family
131	tr|Q9I3D3|Q9I3D3_PSEAE	287.DR97_304	100.0	1918.7	sucA	2oxo_dh_E1: oxoglutarate dehydrogenase (succinyl-transferring), E1 component
132	sp|Q9HZ67|CMPDT_PSEAE	287.DR97_4770	100.0	726.5	pheA	Prephenate dehydratase; CM_P2: chorismate mutase
133	sp|P00282|AZUR_PSEAE	287.DR97_2273	100.0	297.4	azu	Azurin; Transfers electrons from cytochrome c551 to cytochrome oxidase
134	sp|Q9HVT7|GATB_PSEAE	287.DR97_1663	99.6	941.0	gatB	Aspartyl/glutamyl-tRNA(Asn/Gln) amidotransferase subunit B; Allows the formation of correctly charged Asn-tRNA(Asn) or Gln-tRNA(Gln) through the transamidation of misacylated Asp- tRNA(Asn) or Glu-tRNA(Gln) in organisms which lack either or both of asparaginyl-tRNA or glutaminyl-tRNA synthetases. The reaction takes place in the presence of glutamine and ATP through an activated phospho-Asp-tRNA(Asn) or phospho-Glu-tRNA(Gln); Belongs to the GatB/GatE family. GatB subfamily
135	sp|Q9I7C5|DNAA_PSEAE	287.DR97_2950	100.0	901.0	dnaA	Chromosomal replication initiator protein DnaA; Plays an important role in the initiation and regulation of chromosomal replication. Binds to the origin of replication; it binds specifically double-stranded DNA at a 9 bp consensus (dnaA box): 5'-TTATC[CA]A[CA]A-3'. DnaA binds to ATP and to acidic phospholipids
136	sp|Q59654|PYRF_PSEAE	287.DR97_5065	100.0	451.4	pyrF	Orotidine 5'-phosphate decarboxylase; Catalyzes the decarboxylation of orotidine 5'- monophosphate (OMP) to uridine 5'-monophosphate (UMP); Belongs to the OMP decarboxylase family. Type 1 subfamily
137	sp|P53641|SODF_PSEAE	287.DR97_1543	100.0	411.8	DR97_1543	Superoxide dismutase; Destroys radicals which are normally produced within the cells and which are toxic to biological systems
138	sp|Q9HZJ5|TOP1_PSEAE	287.DR97_4926	100.0	1744.6	DR97_4926	DNA topoisomerase 1; Releases the supercoiling and torsional tension of DNA, which is introduced during the DNA replication and transcription, by transiently cleaving and rejoining one strand of the DNA duplex. Introduces a single-strand break via transesterification at a target site in duplex DNA. The scissile phosphodiester is attacked by the catalytic tyrosine of the enzyme, resulting in the formation of a DNA-(5'-phosphotyrosyl)-enzyme intermediate and the expulsion of a 3'-OH DNA strand. The free DNA strand then undergoes passage around the unbroken strand, thus removing DNA super [...] 
139	sp|Q9HV58|RS15_PSEAE	287.DR97_2084	100.0	175.6	rpsO	30S ribosomal protein S15; Forms an intersubunit bridge (bridge B4) with the 23S rRNA of the 50S subunit in the ribosome
140	tr|Q9HXR7|Q9HXR7_PSEAE	287.DR97_4153	100.0	1132.9	recJ	recJ: single-stranded-DNA-specific exonuclease RecJ
141	sp|P42257|PILJ_PSEAE	287.DR97_3379	100.0	763.1	pilJ	annotation not available
142	tr|Q9HX38|Q9HX38_PSEAE	287.DR97_3884	100.0	678.3	ybeZ	annotation not available
143	tr|Q9I0L5|Q9I0L5_PSEAE	287.DR97_5339	100.0	842.0	icd	Prok_nadp_idh: isocitrate dehydrogenase, NADP-dependent
144	sp|P00106|CYC4_PSEAE	287.DR97_2868	100.0	393.7	cc4_1	annotation not available
145	sp|Q9HWF2|RS5_PSEAE	287.DR97_3665	100.0	318.5	rpsE	30S ribosomal protein S5; Located at the back of the 30S subunit body where it stabilizes the conformation of the head with respect to the body; Belongs to the universal ribosomal protein uS5 family
146	sp|Q9HWF8|RS11_PSEAE	287.DR97_3671	100.0	258.5	rpsK	30S ribosomal protein S11; Located on the platform of the 30S subunit, it bridges several disparate RNA helices of the 16S rRNA. Forms part of the Shine-Dalgarno cleft in the 70S ribosome
147	sp|G3XD76|DAPD_PSEAE	287.DR97_4211	99.7	652.1	dapD	2,3,4,5-tetrahydropyridine-2,6-dicarboxylate N-succinyltransferase; Catalyzes the conversion of the cyclic tetrahydrodipicolinate (THDP) into the acyclic N-succinyl-L-2- amino-6-oxopimelate using succinyl-CoA
148	tr|Q9I0T4|Q9I0T4_PSEAE	287.DR97_5620	100.0	836.3	Acad10	Acyl-CoA dehydrogenase family member 10; acyl-CoA dehydrogenase, N-terminal domain protein
149	sp|Q9HXH0|SYV_PSEAE	287.DR97_4032	99.8	1875.5	valS	Valine--tRNA ligase; Catalyzes the attachment of valine to tRNA(Val). As ValRS can inadvertently accommodate and process structurally similar amino acids such as threonine, to avoid such errors, it has a "posttransfer" editing activity that hydrolyzes mischarged Thr-tRNA(Val) in a tRNA-dependent manner; Belongs to the class-I aminoacyl-tRNA synthetase family. ValS type 1 subfamily
150	tr|Q9HZC5|Q9HZC5_PSEAE	287.DR97_4853	99.7	1770.7	pepN	pepN_proteo: aminopeptidase N
151	sp|Q9I099|SYT_PSEAE	287.DR97_5218	99.8	1312.7	thrS	Threonine--tRNA ligase; Catalyzes the attachment of threonine to tRNA(Thr) in a two-step reaction: L-threonine is first activated by ATP to form Thr-AMP and then transferred to the acceptor end of tRNA(Thr)
152	sp|Q9HWD9|RS19_PSEAE	287.DR97_3652	100.0	187.6	rpsS	30S ribosomal protein S19; Protein S19 forms a complex with S13 that binds strongly to the 16S ribosomal RNA
153	tr|Q9HV48|Q9HV48_PSEAE	287.DR97_2095	100.0	1211.1	ftsH1	ATP-dependent zinc metalloprotease FtsH; Acts as a processive, ATP-dependent zinc metallopeptidase for both cytoplasmic and membrane proteins. Plays a role in the quality control of integral membrane proteins; Belongs to the AAA ATPase family
154	sp|Q9HXZ5|ENO_PSEAE	287.DR97_4304	100.0	832.4	eno	Enolase; Eno: phosphopyruvate hydratase
155	sp|Q9HT18|ATPA_PSEAE	287.DR97_2935	100.0	985.3	atpA	ATP synthase subunit alpha; Produces ATP from ADP in the presence of a proton gradient across the membrane. The alpha chain is a regulatory subunit
156	tr|Q9HVJ1|Q9HVJ1_PSEAE	287.DR97_1900	99.6	1091.3	DR97_1900	Energy-dependent translational throttle protein EttA; ccmA: heme ABC exporter, ATP-binding protein CcmA
157	sp|Q9HTD7|ASPA_PSEAE	287.DR97_2806	100.0	920.2	aspA	aspA: aspartate ammonia-lyase
158	sp|P30718|CH60_PSEAE	287.DR97_1563	100.0	982.2	groL	60 kDa chaperonin; Prevents misfolding and promotes the refolding and proper assembly of unfolded polypeptides generated under stress conditions
159	sp|Q9I2U7|SYC_PSEAE	287.DR97_91	99.8	931.8	cysS	cysS: cysteine--tRNA ligase; Belongs to the class-I aminoacyl-tRNA synthetase family
160	tr|Q9HW86|Q9HW86_PSEAE	287.DR97_1491	100.0	241.1	mvaT	annotation not available
161	sp|Q9I6B4|THIG_PSEAE	287.DR97_3348	99.6	514.2	thiG	Thiazole synthase; Catalyzes the rearrangement of 1-deoxy-D-xylulose 5- phosphate (DXP) to produce the thiazole phosphate moiety of thiamine. Sulfur is provided by the thiocarboxylate moiety of the carrier protein ThiS. In vitro, sulfur can be provided by H(2)S
162	sp|Q51422|SYDND_PSEAE	287.DR97_974	100.0	1192.2	aspS	Aspartate--tRNA(Asp/Asn) ligase; Aspartyl-tRNA synthetase with relaxed tRNA specificity since it is able to aspartylate not only its cognate tRNA(Asp) but also tRNA(Asn). Reaction proceeds in two steps: L-aspartate is first activated by ATP to form Asp-AMP and then transferred to the acceptor end of tRNA(Asp/Asn); Belongs to the class-II aminoacyl-tRNA synthetase family. Type 1 subfamily
163	tr|Q9HXX5|Q9HXX5_PSEAE	287.DR97_4213	99.1	238.0	DR97_4213	arsC_related: transcriptional regulator, Spx/MgsR family protein
164	sp|Q9ZFK4|KDSA_PSEAE	287.DR97_4303	100.0	563.1	kdsA	2-dehydro-3-deoxyphosphooctonate aldolase; KDO8P_synth: 3-deoxy-8-phosphooctulonate synthase; Belongs to the KdsA family
165	tr|Q9HU67|Q9HU67_PSEAE	287.DR97_2471	100.0	1193.3	typA	typA_BipA: GTP-binding protein TypA/BipA
166	sp|Q51423|PMPR_PSEAE	287.DR97_973	100.0	477.2	pmpR	annotation not available
167	sp|Q9I748|TSSC1_PSEAE	287.DR97_3041	99.8	1003.4	DR97_3041	Type VI secretion protein, EvpB/ family
168	sp|Q9HTN2|ARGB_PSEAE	287.DR97_2694	100.0	583.6	argB	Acetylglutamate kinase; Catalyzes the ATP-dependent phosphorylation of N-acetyl- L-glutamate; Belongs to the acetylglutamate kinase family. ArgB subfamily
169	sp|Q9HUV9|PUR9_PSEAE	287.DR97_2205	100.0	1050.0	purH	Bifunctional purine biosynthesis protein PurH; purH: phosphoribosylaminoimidazolecarboxamide formyltransferase/IMP cyclohydrolase
170	tr|Q9I6H4|Q9I6H4_PSEAE	287.DR97_3281	100.0	941.4	DR97_3281	annotation not available
171	tr|Q9HZG8|Q9HZG8_PSEAE	287.DR97_4896	100.0	111.7	DR97_4896	DUF883 domain-containing protein
172	tr|G3XDB0|G3XDB0_PSEAE	287.DR97_2703	100.0	540.8	crc	Catabolite repression control protein; Xth: exodeoxyribonuclease III family protein
173	sp|P26480|RPOD_PSEAE	287.DR97_3545	100.0	1089.3	rpoD	RNA polymerase sigma factor RpoD; Sigma factors are initiation factors that promote the attachment of RNA polymerase to specific initiation sites and are then released. This sigma factor is the primary sigma factor during exponential growth
174	tr|Q9HV24|Q9HV24_PSEAE	287.DR97_2129	100.0	303.9	lrpC_1	annotation not available
175	sp|Q9I4Z4|PAL_PSEAE	287.DR97_964	100.0	273.1	pal	Pal_lipo: peptidoglycan-associated lipoprotein; Belongs to the ompA family
176	sp|Q9HUN2|RL9_PSEAE	287.DR97_2283	100.0	240.4	rplI	50S ribosomal protein L9; Binds to the 23S rRNA
177	sp|Q9I3C5|HTPG_PSEAE	287.DR97_293	100.0	1254.6	htpG	Chaperone protein HtpG; Molecular chaperone. Has ATPase activity
178	tr|Q9I4Z7|Q9I4Z7_PSEAE	287.DR97_975	100.0	307.8	dps2	annotation not available
179	sp|Q9HT16|ATPF_PSEAE	287.DR97_2937	100.0	169.5	atpF	ATP synthase subunit b; Component of the F(0) channel, it forms part of the peripheral stalk, linking F(1) to F(0); Belongs to the ATPase B chain family
180	sp|Q9HWZ6|IPYR_PSEAE	287.DR97_3836	100.0	363.2	ppa	Inorganic pyrophosphatase; Catalyzes the hydrolysis of inorganic pyrophosphate (PPi) forming two phosphate ions
181	sp|Q9HV46|GREA_PSEAE	287.DR97_2099	100.0	302.0	greA	Transcription elongation factor GreA; Necessary for efficient RNA polymerase transcription elongation past template-encoded arresting sites. The arresting sites in DNA have the property of trapping a certain fraction of elongating RNA polymerases that pass through, resulting in locked ternary complexes. Cleavage of the nascent transcript by cleavage factors such as GreA or GreB allows the resumption of elongation from the new 3'terminus. GreA releases sequences of 2 to 3 nucleotides
182	sp|Q9HZG0|RLMKL_PSEAE	287.DR97_4888	99.4	1462.2	rlmL	Ribosomal RNA large subunit methyltransferase K/L; Specifically methylates the guanine in position 2445 (m2G2445) and the guanine in position 2069 (m7G2069) of 23S rRNA; Belongs to the methyltransferase superfamily. RlmKL family
183	tr|Q9HUD3|Q9HUD3_PSEAE	287.DR97_2401	100.0	833.6	maeB	annotation not available
184	tr|Q9HVC2|Q9HVC2_PSEAE	287.DR97_1983	100.0	726.5	engD	Ribosome-binding ATPase YchF; ATPase that binds to both the 70S ribosome and the 50S ribosomal subunit in a nucleotide-independent manner
185	sp|P38100|CARB_PSEAE	287.DR97_2100	100.0	2118.6	carB	CPSaseII_lrg: carbamoyl-phosphate synthase, large subunit; Belongs to the CarB family
186	sp|Q9HXN2|PUR4_PSEAE	287.DR97_4112	99.8	2599.3	purL	Phosphoribosylformylglycinamidine synthase; Phosphoribosylformylglycinamidine synthase involved in the purines biosynthetic pathway. Catalyzes the ATP-dependent conversion of formylglycinamide ribonucleotide (FGAR) and glutamine to yield formylglycinamidine ribonucleotide (FGAM) and glutamate
187	sp|Q9HZA3|LEUC_PSEAE	287.DR97_4812	99.8	942.2	leuC	3-isopropylmalate dehydratase large subunit; Catalyzes the isomerization between 2-isopropylmalate and 3-isopropylmalate, via the formation of 2-isopropylmaleate; Belongs to the aconitase/IPM isomerase family. LeuC type 1 subfamily
188	sp|Q9HWD6|RL4_PSEAE	287.DR97_3649	100.0	381.7	rplD	50S ribosomal protein L4; Forms part of the polypeptide exit tunnel
189	sp|Q9HTN9|RL33_PSEAE	287.DR97_2686	100.0	103.6	rpmG	rpmG_bact: ribosomal protein L33; Belongs to the bacterial ribosomal protein bL33 family
190	tr|Q9HT52|Q9HT52_PSEAE	287.DR97_2900	100.0	499.6	tsaC1	annotation not available
191	sp|O68283|ALKD_PSEAE	287.DR97_4755	99.5	439.1	eda_4	annotation not available
192	sp|Q9I6J2|SPUC_PSEAE	287.DR97_3261	100.0	942.2	GABA-TP1	annotation not available
193	sp|Q9I5W0|DNAG_PSEAE	287.DR97_3546	99.5	1307.0	dnaG	DNA primase; RNA polymerase that catalyzes the synthesis of short RNA molecules used as primers for DNA polymerase during DNA replication
194	sp|P30720|CH10_PSEAE	287.DR97_1564	100.0	186.4	groS	10 kDa chaperonin; Binds to Cpn60 in the presence of Mg-ATP and suppresses the ATPase activity of the latter
195	sp|Q9HZM9|RLUC_PSEAE	287.DR97_4964	100.0	629.4	rluC	Pseudouridine synthase; Responsible for synthesis of pseudouridine from uracil
196	sp|G3XD94|UGND_PSEAE	287.DR97_4777	33.1	225.3	vipA	UDP-glucose/GDP-mannose dehydrogenase-like protein; NDP-sugDHase: nucleotide sugar dehydrogenase family protein; Belongs to the UDP-glucose/GDP-mannose dehydrogenase family
197	sp|Q9HU65|GLN1B_PSEAE	287.DR97_2473	100.0	958.0	glnA	glnA: glutamine synthetase, type I
198	tr|Q9HTE2|Q9HTE2_PSEAE	287.DR97_2799	99.3	644.4	DR97_2799	annotation not available
199	sp|P23189|GSHR_PSEAE	287.DR97_5822	100.0	896.0	gor	annotation not available
200	sp|O68822|AMPA_PSEAE	287.DR97_4035	99.8	960.7	pepA	Probable cytosol aminopeptidase; Presumably involved in the processing and regular turnover of intracellular proteins. Catalyzes the removal of unsubstituted N-terminal amino acids from various peptides; Belongs to the peptidase M17 family
201	tr|Q9I5V1|Q9I5V1_PSEAE	287.DR97_3555	100.0	1072.4	ycgB	annotation not available
202	sp|Q9HWE5|RL14_PSEAE	287.DR97_3658	100.0	238.0	rplN	50S ribosomal protein L14; Binds to 23S rRNA. Forms part of two intersubunit bridges in the 70S ribosome
203	sp|O87131|CHER1_PSEAE	287.DR97_4579	100.0	547.4	cheR1	annotation not available
204	sp|Q9I0A3|SYFA_PSEAE	287.DR97_5222	99.7	689.1	pheS	pheS: phenylalanine--tRNA ligase, alpha subunit; Belongs to the class-II aminoacyl-tRNA synthetase family. Phe-tRNA synthetase alpha subunit type 1 subfamily
205	sp|P13982|ARCC_PSEAE	287.DR97_2541	100.0	610.5	arcC	arcC: carbamate kinase; Belongs to the carbamate kinase family
206	sp|P14165|CISY_PSEAE	287.DR97_309	100.0	880.9	gltA	cit_synth_I: citrate (Si)-synthase; Belongs to the citrate synthase family
207	tr|Q9HTR6|Q9HTR6_PSEAE	287.DR97_2659	100.0	218.8	glnK	annotation not available
208	sp|P50598|TOLQ_PSEAE	287.DR97_968	100.0	441.8	tolQ	tolQ: protein TolQ
209	sp|Q9HUK1|PARC_PSEAE	287.DR97_2317	100.0	1458.7	parC	DNA topoisomerase 4 subunit A; Topoisomerase IV is essential for chromosome segregation. It relaxes supercoiled DNA. Performs the decatenation events required during the replication of a circular DNA molecule; Belongs to the type II topoisomerase GyrA/ParC subunit family. ParC type 1 subfamily
210	sp|Q9HX33|SYL_PSEAE	287.DR97_3878	99.9	1807.3	leuS	leuS_bact: leucine--tRNA ligase; Belongs to the class-I aminoacyl-tRNA synthetase family
211	sp|Q9HV43|DNAK_PSEAE	287.DR97_2105	100.0	1184.5	dnaK	Chaperone protein DnaK; Acts as a chaperone
212	sp|Q9HYC7|SYM_PSEAE	287.DR97_4439	99.7	1369.8	metG	Methionine--tRNA ligase; Is required not only for elongation of protein synthesis but also for the initiation of all mRNA translation through initiator tRNA(fMet) aminoacylation; Belongs to the class-I aminoacyl-tRNA synthetase family. MetG type 1 subfamily
213	sp|O50274|CYSNC_PSEAE	287.DR97_1620	99.8	1230.3	cysN/C	Multifunctional fusion protein; Catalyzes the synthesis of activated sulfate; Belongs to the TRAFAC class translation factor GTPase superfamily. Classic translation factor GTPase family. CysN/NodQ subfamily
214	sp|O82850|RS2_PSEAE	287.DR97_4283	100.0	488.0	rpsB	rpsB_bact: ribosomal protein S2; Belongs to the universal ribosomal protein uS2 family
215	sp|Q9HZP7|ETFA_PSEAE	287.DR97_4988	100.0	566.2	etfA	annotation not available
216	sp|P50587|PYRE_PSEAE	287.DR97_2702	100.0	416.8	pyrE	Orotate phosphoribosyltransferase; Catalyzes the transfer of a ribosyl phosphate group from 5-phosphoribose 1-diphosphate to orotate, leading to the formation of orotidine monophosphate (OMP)
217	sp|Q9I6Z2|AHPF_PSEAE	287.DR97_3097	99.6	1012.7	ahpF	ahpF: alkyl hydroperoxide reductase subunit F
218	sp|Q9HWD4|RS10_PSEAE	287.DR97_3647	100.0	200.7	rpsJ	30S ribosomal protein S10; Involved in the binding of tRNA to the ribosomes
219	tr|Q9I3D4|Q9I3D4_PSEAE	287.DR97_305	100.0	493.4	sdhB	dhsB: succinate dehydrogenase and fumarate reductase iron-sulfur family protein
220	sp|Q9HWF3|RL30_PSEAE	287.DR97_3666	100.0	118.6	rpmD	rpmD_bact: ribosomal protein L30
221	sp|Q9HV66|ACSA2_PSEAE	287.DR97_2076	99.7	1351.3	acsB	Acetyl-coenzyme A synthetase; Catalyzes the conversion of acetate into acetyl-CoA (AcCoA), an essential intermediate at the junction of anabolic and catabolic pathways. AcsA undergoes a two-step reaction. In the first half reaction, AcsA combines acetate with ATP to form acetyl-adenylate (AcAMP) intermediate. In the second half reaction, it can then transfer the acetyl group from AcAMP to the sulfhydryl group of CoA, forming the product AcCoA; Belongs to the ATP-dependent AMP-binding enzyme family
222	tr|Q9I4U1|Q9I4U1_PSEAE	287.DR97_911	99.5	449.1	yfcG	Putative disulfide bond reductase yfcG; Glutathione S-transferase, N-terminal domain protein; Belongs to the GST superfamily
223	sp|Q9HVL6|RL21_PSEAE	287.DR97_1872	100.0	206.1	rplU	50S ribosomal protein L21; This protein binds to 23S rRNA in the presence of protein L20
224	tr|Q9HYZ6|Q9HYZ6_PSEAE	287.DR97_4691	100.0	521.5	minD	minD_bact: septum site-determining protein MinD; Belongs to the ParA family
225	sp|P72151|FLICB_PSEAE	287.DR97_846	44.5	284.3	fliC	A-type flagellin; Flagellin is the subunit protein which polymerizes to form the filaments of bacterial flagella
226	sp|Q9I0K9|PUR8_PSEAE	287.DR97_5333	99.6	894.0	DR97_5333	purB: adenylosuccinate lyase; Belongs to the lyase 1 family. Adenylosuccinate lyase subfamily
227	sp|P95459|CSPA_PSEAE	287.DR97_4665	100.0	142.9	DR97_4665	annotation not available
228	sp|Q9I7A8|DEF_PSEAE	287.DR97_2972	100.0	340.5	def_1	Peptide deformylase; Removes the formyl group from the N-terminal Met of newly synthesized proteins. Requires at least a dipeptide for an efficient rate of reaction. N-terminal L-methionine is a prerequisite for activity but the enzyme has broad specificity at other positions
229	sp|Q9HWE8|RS14_PSEAE	287.DR97_3661	100.0	196.1	rpsN	30S ribosomal protein S14; Binds 16S rRNA, required for the assembly of 30S particles and may also be responsible for determining the conformation of the 16S rRNA at the A site
230	sp|Q9I4W0|PUR7_PSEAE	287.DR97_934	100.0	478.8	purC	purC: phosphoribosylaminoimidazolesuccinocarboxamide synthase; Belongs to the SAICAR synthetase family
231	sp|Q9HWC7|RL10_PSEAE	287.DR97_3639	100.0	300.1	rplJ	50S ribosomal protein L10; Forms part of the ribosomal stalk, playing a central role in the interaction of the ribosome with GTP-bound translation factors
232	sp|Q9I3I0|Y1533_PSEAE	287.DR97_403	100.0	189.1	DR97_403	Nucleoid-associated protein AO896_01745; Binds to DNA and alters its conformation. May be involved in regulation of gene expression, nucleoid organization and DNA protection
233	tr|Q9HZF6|Q9HZF6_PSEAE	287.DR97_4884	99.7	578.6	DR97_4884	Conserved hypothetical protein
234	tr|Q9I450|Q9I450_PSEAE	287.DR97_500	99.2	751.9	rnd	Ribonuclease D; Exonuclease involved in the 3' processing of various precursor tRNAs. Initiates hydrolysis at the 3'-terminus of an RNA molecule and releases 5'-mononucleotides; Belongs to the RNase D family
235	sp|P43335|PHS_PSEAE	287.DR97_1072	100.0	250.4	phhB	annotation not available
236	sp|Q9I5V8|RS21_PSEAE	287.DR97_3548	100.0	131.0	rpsU	S21p: ribosomal protein S21; Belongs to the bacterial ribosomal protein bS21 family
237	tr|Q9HW68|Q9HW68_PSEAE	287.DR97_1509	99.8	1010.0	fumA	Fumarate hydratase class I; Catalyzes the reversible hydration of fumarate to (S)- malate; Belongs to the class-I fumarase family
238	tr|Q9HZ23|Q9HZ23_PSEAE	287.DR97_4717	100.0	857.1	cyaB	annotation not available
239	tr|Q9HU34|Q9HU34_PSEAE	287.DR97_2517	100.0	491.9	fixR	annotation not available
240	sp|Q9I344|AROC_PSEAE	287.DR97_207	100.0	722.6	aroC	aroC: chorismate synthase
241	sp|P11724|OTCA_PSEAE	287.DR97_4405	100.0	616.7	DR97_4405	Ornithine carbamoyltransferase; Reversibly catalyzes the transfer of the carbamoyl group from carbamoyl phosphate (CP) to the N(epsilon) atom of ornithine (ORN) to produce L-citrulline
242	sp|O54438|FABG_PSEAE	287.DR97_4972	100.0	464.2	fabG	3oxo_ACP_reduc: 3-oxoacyl-[acyl-carrier-protein] reductase
243	sp|Q9I0A0|IF3_PSEAE	287.DR97_5219	100.0	337.8	infC	Translation initiation factor IF-3; IF-3 binds to the 30S ribosomal subunit and shifts the equilibrum between 70S ribosomes and their 50S and 30S subunits in favor of the free subunits, thus enhancing the availability of 30S subunits on which protein synthesis initiation begins
244	sp|Q9I0M6|SYS_PSEAE	287.DR97_5350	99.8	846.7	serS	Serine--tRNA ligase; Catalyzes the attachment of serine to tRNA(Ser). Is also able to aminoacylate tRNA(Sec) with serine, to form the misacylated tRNA L-seryl-tRNA(Sec), which will be further converted into selenocysteinyl-tRNA(Sec)
245	tr|Q9HTW1|Q9HTW1_PSEAE	287.DR97_2599	99.3	309.3	DR97_2599	EVE domain-containing protein
246	tr|Q9HZ74|Q9HZ74_PSEAE	287.DR97_5418	28.6	184.9	DR97_5418	annotation not available
247	tr|G3XCZ6|G3XCZ6_PSEAE	287.DR97_4971	99.7	585.9	fabD	fabD: malonyl CoA-acyl carrier protein transacylase
248	tr|G3XCZ4|G3XCZ4_PSEAE	287.DR97_1052	99.7	745.0	aotO	annotation not available
249	tr|Q9HUN3|Q9HUN3_PSEAE	287.DR97_2282	99.8	852.4	dnaB1	Replicative DNA helicase; Participates in initiation and elongation during chromosome replication; it exhibits DNA-dependent ATPase activity and contains distinct active sites for ATP binding, DNA binding, and interaction with DnaC protein, primase, and other prepriming proteins
250	sp|Q9I3F5|ACNA_PSEAE	287.DR97_373	100.0	1834.3	acnA	Aconitate hydratase; Catalyzes the isomerization of citrate to isocitrate via cis-aconitate
251	tr|Q9HXM5|Q9HXM5_PSEAE	287.DR97_4100	100.0	928.7	guaB	Inosine-5'-monophosphate dehydrogenase; Catalyzes the conversion of inosine 5'-phosphate (IMP) to xanthosine 5'-phosphate (XMP), the first committed and rate- limiting step in the de novo synthesis of guanine nucleotides, and therefore plays an important role in the regulation of cell growth; Belongs to the IMPDH/GMPR family
252	sp|P15276|ALGP_PSEAE	287.DR97_2623	100.0	193.7	algP	annotation not available
253	tr|Q9I1N7|Q9I1N7_PSEAE	287.DR97_6319	100.0	968.8	manC	GMP_PMI: mannose-1-phosphate guanylyltransferase/mannose-6-phosphate isomerase; Belongs to the mannose-6-phosphate isomerase type 2 family
254	tr|Q9I4I2|Q9I4I2_PSEAE	287.DR97_779	100.0	846.3	nrdB	Ribonucleoside-diphosphate reductase subunit beta; Provides the precursors necessary for DNA synthesis. Catalyzes the biosynthesis of deoxyribonucleotides from the corresponding ribonucleotides; Belongs to the ribonucleoside diphosphate reductase small chain family
255	tr|Q9HV22|Q9HV22_PSEAE	287.DR97_2131	99.1	866.7	DR97_2131	annotation not available
256	sp|Q9I7B1|Y015_PSEAE	287.DR97_2968	100.0	206.8	DR97_2968	annotation not available
257	tr|Q9HX12|Q9HX12_PSEAE	287.DR97_3852	100.0	310.8	phaJ4	annotation not available
258	tr|Q9HX76|Q9HX76_PSEAE	287.DR97_3926	100.0	174.9	hupA	annotation not available
259	sp|P15275|ALGQ_PSEAE	287.DR97_2626	100.0	332.4	algQ	annotation not available
260	sp|Q9HUN0|RS18_PSEAE	287.DR97_2285	100.0	152.9	rpsR	30S ribosomal protein S18; Binds as a heterodimer with protein S6 to the central domain of the 16S rRNA, where it helps stabilize the platform of the 30S subunit
261	tr|Q9HYX1|Q9HYX1_PSEAE	287.DR97_4661	100.0	380.9	DR97_4661	annotation not available
262	sp|Q9HUA6|OPGH_PSEAE	287.DR97_2432	99.8	1729.9	opgH	Glucans biosynthesis glucosyltransferase H; Involved in the biosynthesis of osmoregulated periplasmic glucans (OPGs)
263	sp|Q9HXJ8|DER_PSEAE	287.DR97_4070	100.0	927.9	engA	GTPase Der; GTPase that plays an essential role in the late steps of ribosome biogenesis
264	sp|Q9I0J7|NUOF_PSEAE	287.DR97_5321	100.0	927.5	nuoF	NADH-quinone oxidoreductase subunit F; NDH-1 shuttles electrons from NADH, via FMN and iron- sulfur (Fe-S) centers, to quinones in the respiratory chain; Belongs to the complex I 51 kDa subunit family
265	sp|Q9I3D2|ODO2_PSEAE	287.DR97_303	100.0	675.6	sucB	sucB: dihydrolipoyllysine-residue succinyltransferase, E2 component of oxoglutarate dehydrogenase  complex
266	sp|Q9HXV4|KAD_PSEAE	287.DR97_4191	100.0	421.8	adk	Adenylate kinase; Catalyzes the reversible transfer of the terminal phosphate group between ATP and AMP. Plays an important role in cellular energy homeostasis and in adenine nucleotide metabolism; Belongs to the adenylate kinase family
267	sp|Q9I6D1|COAD_PSEAE	287.DR97_3329	100.0	313.2	coaD	Phosphopantetheine adenylyltransferase; Reversibly transfers an adenylyl group from ATP to 4'- phosphopantetheine, yielding dephospho-CoA (dPCoA) and pyrophosphate; Belongs to the bacterial CoaD family
268	sp|O33877|FABA_PSEAE	287.DR97_279	100.0	363.6	fabA	3-hydroxydecanoyl-[acyl-carrier-protein] dehydratase; Necessary for the introduction of cis unsaturation into fatty acids. Catalyzes the dehydration of (3R)-3-hydroxydecanoyl- ACP to E-(2)-decenoyl-ACP and then its isomerization to Z-(3)- decenoyl-ACP. Can catalyze the dehydratase reaction for beta- hydroxyacyl-ACPs with saturated chain lengths up to 16:0, being most active on intermediate chain length
269	tr|G3XD09|G3XD09_PSEAE	287.DR97_2390	100.0	978.8	gltD	gltD_gamma_fam: glutamate synthase, small subunit domain protein
270	tr|Q9HVY6|Q9HVY6_PSEAE	287.DR97_1607	100.0	541.6	fbcH	annotation not available
271	tr|G3XD36|G3XD36_PSEAE	287.DR97_3303	100.0	1478.0	DR97_3303	PTS_I_fam: phosphoenolpyruvate-protein phosphotransferase; Belongs to the PEP-utilizing enzyme family
272	tr|Q9I664|Q9I664_PSEAE	287.DR97_3419	99.9	1410.2	yccS	YCCS_YHJK: integral membrane , YccS/YhfK family protein
273	tr|Q9HX89|Q9HX89_PSEAE	287.DR97_3942	99.8	1127.1	DR97_3942	annotation not available
274	sp|Q9HWE9|RS8_PSEAE	287.DR97_3662	100.0	245.7	rpsH	30S ribosomal protein S8; One of the primary rRNA binding proteins, it binds directly to 16S rRNA central domain where it helps coordinate assembly of the platform of the 30S subunit
275	tr|Q9HZ41|Q9HZ41_PSEAE	287.DR97_4736	100.0	429.9	yciO	annotation not available
276	sp|Q9X2T1|THIO_PSEAE	287.DR97_2610	100.0	228.0	trxA_1	Thioredoxin: thioredoxin; Belongs to the thioredoxin family
277	tr|Q9I0D3|Q9I0D3_PSEAE	287.DR97_5250	100.0	630.9	cysK	cysK: cysteine synthase A
278	sp|Q9HZP8|FABV_PSEAE	287.DR97_4989	100.0	788.5	fabV	Enoyl-[acyl-carrier-protein] reductase [NADH]; Involved in the final reduction of the elongation cycle of fatty acid synthesis (FAS II). Catalyzes the reduction of a carbon-carbon double bond in an enoyl moiety that is covalently linked to an acyl carrier protein (ACP); Belongs to the TER reductase family
279	sp|P48372|GYRA_PSEAE	287.DR97_4768	100.0	1711.8	gyrA	DNA gyrase subunit A; A type II topoisomerase that negatively supercoils closed circular double-stranded (ds) DNA in an ATP-dependent manner to modulate DNA topology and maintain chromosomes in an underwound state. Negative supercoiling favors strand separation, and DNA replication, transcription, recombination and repair, all of which involve strand separation. Also able to catalyze the interconversion of other topological isomers of dsDNA rings, including catenanes and knotted rings. Type II topoisomerases break and join 2 DNA strands simultaneously in an ATP-dependent manner
280	tr|Q9HYU3|Q9HYU3_PSEAE	287.DR97_4630	99.8	1125.5	fadD1	annotation not available
281	sp|Q9HUM6|PURA_PSEAE	287.DR97_2291	100.0	871.3	purA	Adenylosuccinate synthetase; Plays an important role in the de novo pathway of purine nucleotide biosynthesis. Catalyzes the first committed step in the biosynthesis of AMP from IMP; Belongs to the adenylosuccinate synthetase family
282	tr|Q9I4I1|Q9I4I1_PSEAE	287.DR97_778	100.0	1909.0	nrdA	Ribonucleoside-diphosphate reductase; Provides the precursors necessary for DNA synthesis. Catalyzes the biosynthesis of deoxyribonucleotides from the corresponding ribonucleotides
283	sp|Q51455|CHEY_PSEAE	287.DR97_567	100.0	246.1	cheY	annotation not available
284	sp|Q9HT21|ATPE_PSEAE	287.DR97_2932	100.0	266.9	atpC	ATP synthase epsilon chain; Produces ATP from ADP in the presence of a proton gradient across the membrane
285	sp|Q9HZA7|ACCD_PSEAE	287.DR97_4821	100.0	572.0	accD	Acetyl-coenzyme A carboxylase carboxyl transferase subunit beta; Component of the acetyl coenzyme A carboxylase (ACC) complex. Biotin carboxylase (BC) catalyzes the carboxylation of biotin on its carrier protein (BCCP) and then the CO(2) group is transferred by the transcarboxylase to acetyl-CoA to form malonyl- CoA; Belongs to the AccD/PCCB family
286	sp|Q9HV67|G6PI_PSEAE	287.DR97_2075	100.0	1134.0	pgi	annotation not available
287	tr|Q9HW06|Q9HW06_PSEAE	287.DR97_1578	100.0	647.1	DR97_1578	Mutt: mutator mutT family protein
288	sp|Q9I2Q2|METH_PSEAE	287.DR97_34	99.9	2446.8	metH	metH: methionine synthase
289	sp|Q9I0J9|NUOCD_PSEAE	287.DR97_5323	100.0	1239.6	nuoD	NADH-quinone oxidoreductase subunit C/D; NDH-1 shuttles electrons from NADH, via FMN and iron- sulfur (Fe-S) centers, to quinones in the respiratory chain. The immediate electron acceptor for the enzyme in this species is believed to be ubiquinone. Couples the redox reaction to proton translocation (for every two electrons transferred, four hydrogen ions are translocated across the cytoplasmic membrane), and thus conserves the redox energy in a proton gradient; In the C-terminal section; belongs to the complex I 49 kDa subunit family
290	sp|Q51366|GM4D_PSEAE	287.DR97_2832	99.4	654.4	gmd	GDP-mannose 4,6-dehydratase; Catalyzes the conversion of GDP-D-mannose to GDP-4- dehydro-6-deoxy-D-mannose
291	tr|Q9I2Y7|Q9I2Y7_PSEAE	287.DR97_136	99.7	713.8	aroF3	Phospho-2-dehydro-3-deoxyheptonate aldolase; Stereospecific condensation of phosphoenolpyruvate (PEP) and D-erythrose-4-phosphate (E4P) giving rise to 3-deoxy-D- arabino-heptulosonate-7-phosphate (DAHP)
292	tr|Q9HV96|Q9HV96_PSEAE	287.DR97_2043	100.0	1035.0	DR97_2043	annotation not available
293	tr|Q9HYG6|Q9HYG6_PSEAE	287.DR97_4482	100.0	206.8	DR97_4482	DUF1244 domain-containing protein
294	sp|Q9HZJ3|FADA_PSEAE	287.DR97_4924	100.0	775.0	fadA	3-ketoacyl-CoA thiolase; Catalyzes the final step of fatty acid oxidation in which acetyl-CoA is released and the CoA ester of a fatty acid two carbons shorter is formed
295	tr|Q9I0T9|Q9I0T9_PSEAE	287.DR97_5626	100.0	568.9	xth	exoDNase_III: exodeoxyribonuclease III
296	sp|Q59653|PYRB_PSEAE	287.DR97_3370	100.0	647.1	pyrB	Asp_carb_tr: aspartate carbamoyltransferase; Belongs to the ATCase/OTCase family
297	tr|Q9HZP1|Q9HZP1_PSEAE	287.DR97_4982	100.0	423.3	icaR	annotation not available
298	tr|Q9I2V3|Q9I2V3_PSEAE	287.DR97_97	100.0	563.1	uspA	annotation not available
299	sp|Q9I2W7|RRAAH_PSEAE	287.DR97_114	100.0	335.9	menG	4-hydroxy-4-methyl-2-oxoglutarate aldolase; Catalyzes the aldol cleavage of 4-hydroxy-4-methyl-2- oxoglutarate (HMG) into 2 molecules of pyruvate. Also contains a secondary oxaloacetate (OAA) decarboxylase activity due to the common pyruvate enolate transition state formed following C-C bond cleavage in the retro-aldol and decarboxylation reactions
300	sp|Q9I0K4|ACEA_PSEAE	287.DR97_5328	99.8	1068.5	aceA	annotation not available
301	sp|Q9HWC6|RL1_PSEAE	287.DR97_3638	100.0	432.6	rplA	50S ribosomal protein L1; Binds directly to 23S rRNA. The L1 stalk is quite mobile in the ribosome, and is involved in E site tRNA release
302	tr|Q9I662|Q9I662_PSEAE	287.DR97_3422	100.0	144.4	cspB	annotation not available
303	sp|Q9X4P2|RPPH_PSEAE	287.DR97_3302	100.0	337.4	rppH	RNA pyrophosphohydrolase; Accelerates the degradation of transcripts by removing pyrophosphate from the 5'-end of triphosphorylated RNA, leading to a more labile monophosphorylated state that can stimulate subsequent ribonuclease cleavage
304	tr|Q9HXY1|Q9HXY1_PSEAE	287.DR97_4282	100.0	551.6	map1	met_pdase_I: methionine aminopeptidase, type I
305	tr|Q9HT76|Q9HT76_PSEAE	287.DR97_2875	99.9	1462.2	nrdZ	Vitamin B12-dependent ribonucleotide reductase; Catalyzes the reduction of ribonucleotides to deoxyribonucleotides. May function to provide a pool of deoxyribonucleotide precursors for DNA repair during oxygen limitation and/or for immediate growth after restoration of oxygen
306	tr|Q9HW21|Q9HW21_PSEAE	287.DR97_1558	100.0	454.5	colR	annotation not available
307	tr|Q9I5R1|Q9I5R1_PSEAE	287.DR97_3613	99.4	636.7	DR97_3613	annotation not available
308	sp|Q9HZK6|NQRA_PSEAE	287.DR97_4939	100.0	887.5	nqrA	Na(+)-translocating NADH-quinone reductase subunit A; NQR complex catalyzes the reduction of ubiquinone-1 to ubiquinol by two successive reactions, coupled with the transport of Na(+) ions from the cytoplasm to the periplasm. NqrA to NqrE are probably involved in the second step, the conversion of ubisemiquinone to ubiquinol
309	sp|Q9HY84|ASSY_PSEAE	287.DR97_4417	100.0	824.3	argG	argG: argininosuccinate synthase; Belongs to the argininosuccinate synthase family. Type 1 subfamily
310	sp|Q9HUJ8|PARE_PSEAE	287.DR97_2320	100.0	1263.4	parE	DNA topoisomerase 4 subunit B; Topoisomerase IV is essential for chromosome segregation. It relaxes supercoiled DNA. Performs the decatenation events required during the replication of a circular DNA molecule; Belongs to the type II topoisomerase family. ParE type 1 subfamily
311	sp|Q9HZP6|ETFB_PSEAE	287.DR97_4987	100.0	449.9	etfB	annotation not available
312	tr|Q9I2R4|Q9I2R4_PSEAE	287.DR97_48	99.6	467.2	gpmA	annotation not available
313	sp|Q9HXI8|ISCS_PSEAE	287.DR97_4055	100.0	800.4	iscS1	Cysteine desulfurase IscS; Master enzyme that delivers sulfur to a number of partners involved in Fe-S cluster assembly, tRNA modification or cofactor biosynthesis. Catalyzes the removal of elemental sulfur atoms from cysteine to produce alanine. Functions as a sulfur delivery protein for Fe-S cluster synthesis onto IscU, an Fe-S scaffold assembly protein, as well as other S acceptor proteins; Belongs to the class-V pyridoxal-phosphate-dependent aminotransferase family. NifS/IscS subfamily
314	sp|O85732|FMT_PSEAE	287.DR97_2971	99.4	610.5	fmt	Methionyl-tRNA formyltransferase; Attaches a formyl group to the free amino group of methionyl-tRNA(fMet). The formyl group appears to play a dual role in the initiator identity of N-formylmethionyl-tRNA by promoting its recognition by IF2 and preventing the misappropriation of this tRNA by the elongation apparatus
315	sp|Q51382|HSCA_PSEAE	287.DR97_4059	100.0	1177.5	hscA	Chaperone protein HscA homolog; Chaperone involved in the maturation of iron-sulfur cluster-containing proteins. Has a low intrinsic ATPase activity which is markedly stimulated by HscB
316	tr|Q9I5A6|Q9I5A6_PSEAE	287.DR97_1110	100.0	630.2	DR97_1110	annotation not available
317	tr|Q9I0T1|Q9I0T1_PSEAE	287.DR97_5617	100.0	760.0	DR97_5617	acCoA-C-Actrans: acetyl-CoA C-acetyltransferase family protein; Belongs to the thiolase family
318	sp|Q9HWE7|RL5_PSEAE	287.DR97_3660	100.0	352.1	rplE	50S ribosomal protein L5; This is 1 of the proteins that binds and probably mediates the attachment of the 5S RNA into the large ribosomal subunit, where it forms part of the central protuberance. In the 70S ribosome it contacts protein S13 of the 30S subunit (bridge B1b), connecting the 2 subunits; this bridge is implicated in subunit movement. Contacts the P site tRNA; the 5S rRNA and some of its associated proteins might help stabilize positioning of ribosome-bound tRNAs
319	sp|Q9X6P4|LPXA_PSEAE	287.DR97_4295	100.0	427.6	lpxA	Acyl-[acyl-carrier-protein]--UDP-N-acetylglucosamine O-acyltransferase; Involved in the biosynthesis of lipid A, a phosphorylated glycolipid that anchors the lipopolysaccharide to the outer membrane of the cell
320	tr|Q9HVY5|Q9HVY5_PSEAE	287.DR97_1608	100.0	778.1	petB	Cytochrome b; Component of the ubiquinol-cytochrome c reductase complex (complex III or cytochrome b-c1 complex), which is a respiratory chain that generates an electrochemical potential coupled to ATP synthesis
321	tr|Q9I0L8|Q9I0L8_PSEAE	287.DR97_5342	100.0	1470.7	clpA	clpA: ATP-dependent Clp protease ATP-binding subunit ClpA
322	tr|E1JGJ8|E1JGJ8_PSEAE	287.DR97_4176	100.0	501.5	prfB	Peptide chain release factor 2; Peptide chain release factor 2 directs the termination of translation in response to the peptide chain termination codons UGA and UAA
323	tr|Q9HX01|Q9HX01_PSEAE	287.DR97_3841	100.0	297.4	DR97_3841	annotation not available
324	sp|Q9I2U8|SYQ_PSEAE	287.DR97_92	99.8	1174.8	glnS	glnS: glutamine--tRNA ligase
325	sp|Q9HYF1|PK22_PSEAE	287.DR97_4466	99.8	1008.4	pap	Uncharacterized protein; polyphosphate:AMP phosphotransferase; poly_P_AMP_trns: polyphosphate:AMP phosphotransferase
326	sp|Q9HTN8|RL28_PSEAE	287.DR97_2687	100.0	159.8	rpmB	L28: ribosomal protein L28; Belongs to the bacterial ribosomal protein bL28 family
327	sp|P57665|ORN_PSEAE	287.DR97_2304	100.0	370.2	orn	Oligoribonuclease; 3'-to-5' exoribonuclease specific for small oligoribonucleotides
328	tr|Q9HTI8|Q9HTI8_PSEAE	287.DR97_2752	100.0	783.9	choV	ABC_choXWV_ATP: choline ABC transporter, ATP-binding protein
329	tr|Q9I1F5|Q9I1F5_PSEAE	287.DR97_6109	99.8	1085.1	gapB	annotation not available
330	sp|Q9LCT3|SECA_PSEAE	287.DR97_1581	100.0	1791.2	secA	Protein translocase subunit SecA; Part of the Sec protein translocase complex. Interacts with the SecYEG preprotein conducting channel. Has a central role in coupling the hydrolysis of ATP to the transfer of proteins into and across the cell membrane, serving both as a receptor for the preprotein-SecB complex and as an ATP-driven molecular motor driving the stepwise translocation of polypeptide chains across the membrane; Belongs to the SecA family
331	sp|Q9I2U2|TIG_PSEAE	287.DR97_80	100.0	822.0	tig	Trigger factor; Involved in protein export. Acts as a chaperone by maintaining the newly synthesized protein in an open conformation. Functions as a peptidyl-prolyl cis-trans isomerase; Belongs to the FKBP-type PPIase family. Tig subfamily
332	tr|Q9HZ38|Q9HZ38_PSEAE	287.DR97_4733	100.0	192.2	yciI	annotation not available
333	sp|Q9HVW7|MURA_PSEAE	287.DR97_1628	100.0	821.6	murA	UDP-N-acetylglucosamine 1-carboxyvinyltransferase; Cell wall formation. Adds enolpyruvyl to UDP-N- acetylglucosamine; Belongs to the EPSP synthase family. MurA subfamily
334	tr|Q9I000|Q9I000_PSEAE	287.DR97_5098	100.0	906.4	DHS1	Phospho-2-dehydro-3-deoxyheptonate aldolase; DAHP_synth_II: 3-deoxy-7-phosphoheptulonate synthase
335	sp|Q9HUC8|SYR_PSEAE	287.DR97_2406	100.0	1162.1	argS	argS: arginine--tRNA ligase
336	sp|P22608|PILB_PSEAE	287.DR97_1707	88.3	991.5	pilB	type_IV_pilB: type IV-A pilus assembly ATPase PilB
337	tr|Q9HVJ7|Q9HVJ7_PSEAE	287.DR97_1893	100.0	902.1	gdhA1	annotation not available
338	tr|Q9I3G5|Q9I3G5_PSEAE	287.DR97_384	100.0	661.8	ccoP2	Cbb3-type cytochrome c oxidase subunit; C-type cytochrome. Part of the cbb3-type cytochrome c oxidase complex
339	sp|Q9HZF8|PYRD_PSEAE	287.DR97_4886	100.0	669.8	pyrD	Dihydroorotate dehydrogenase (quinone); Catalyzes the conversion of dihydroorotate to orotate with quinone as electron acceptor
340	sp|P45684|RPOS_PSEAE	287.DR97_4317	100.0	649.0	rpoS	rpoS_proteo: RNA polymerase sigma factor RpoS
341	tr|Q9HZM8|Q9HZM8_PSEAE	287.DR97_4963	99.6	1126.3	rne	Ribonuclease E; Endoribonuclease that plays a central role in RNA processing and decay. Required for the maturation of 5S and 16S rRNAs and the majority of tRNAs. Also involved in the degradation of most mRNAs; Belongs to the RNase E/G family. RNase E subfamily
342	tr|Q9I2T9|Q9I2T9_PSEAE	287.DR97_77	100.0	1528.1	DR97_77	Lon protease; ATP-dependent serine protease that mediates the selective degradation of mutant and abnormal proteins as well as certain short-lived regulatory proteins. Required for cellular homeostasis and for survival from DNA damage and developmental changes induced by stress. Degrades polypeptides processively to yield small peptide fragments that are 5 to 10 amino acids long. Binds to DNA in a double-stranded, site-specific manner
343	sp|O05927|CYSH_PSEAE	287.DR97_130	99.6	520.8	cysH	Phosphoadenosine phosphosulfate reductase; Reduction of activated sulfate into sulfite; Belongs to the PAPS reductase family. CysH subfamily
344	sp|Q9HUH4|Y4991_PSEAE	287.DR97_2345	99.7	775.8	DR97_2345	annotation not available
345	sp|Q9HUV8|PUR2_PSEAE	287.DR97_2206	99.8	837.8	purD	purD: phosphoribosylamine--glycine ligase; Belongs to the GARS family
346	tr|Q9I5I5|Q9I5I5_PSEAE	287.DR97_1240	99.7	745.7	DR97_1240	annotation not available
347	sp|Q9HV42|GRPE_PSEAE	287.DR97_2106	100.0	352.1	grpE	Protein GrpE; Participates actively in the response to hyperosmotic and heat shock by preventing the aggregation of stress-denatured proteins, in association with DnaK and GrpE. It is the nucleotide exchange factor for DnaK and may function as a thermosensor. Unfolded proteins bind initially to DnaJ; upon interaction with the DnaJ-bound protein, DnaK hydrolyzes its bound ATP, resulting in the formation of a stable complex. GrpE releases ADP from DnaK; ATP binding to DnaK triggers the release of the substrate protein, thus completing the reaction cycle. Several rounds of ATP- dependent  [...] 
348	tr|Q9HVD5|Q9HVD5_PSEAE	287.DR97_1966	99.4	674.1	DR97_1966	Renalase; Catalyzes the oxidation of the 1,2-dihydro- and 1,6- dihydro- isomeric forms of beta-NAD(P) back to beta-NAD(P)+. May serve to protect primary metabolism dehydrogenases from inhibition by the 1,2-dihydro- and 1,6-dihydro-beta-NAD(P) isomers; Belongs to the bacterial renalase family
349	sp|O86428|ILVE_PSEAE	287.DR97_2368	100.0	618.2	ilvE	Branched-chain-amino-acid aminotransferase; Acts on leucine, isoleucine and valine; Belongs to the class-IV pyridoxal-phosphate-dependent aminotransferase family
350	tr|Q9HXP8|Q9HXP8_PSEAE	287.DR97_4130	100.0	774.6	ffh	Signal recognition particle protein; Involved in targeting and insertion of nascent membrane proteins into the cytoplasmic membrane. Binds to the hydrophobic signal sequence of the ribosome-nascent chain (RNC) as it emerges from the ribosomes. The SRP-RNC complex is then targeted to the cytoplasmic membrane where it interacts with the SRP receptor FtsY. Interaction with FtsY leads to the transfer of the RNC complex to the Sec translocase for insertion into the membrane, the hydrolysis of GTP by both Ffh and FtsY, and the dissociation of the SRP-FtsY complex into the individual componen [...] 
351	sp|P48247|GSA_PSEAE	287.DR97_3888	100.0	861.3	hemL	hemL: glutamate-1-semialdehyde-2,1-aminomutase
352	tr|Q9I4T8|Q9I4T8_PSEAE	287.DR97_908	99.3	274.6	DR97_908	annotation not available
353	sp|Q9I697|GSHB_PSEAE	287.DR97_3375	100.0	640.6	gshB	Glut_syn: glutathione synthase; Belongs to the prokaryotic GSH synthase family
354	sp|Q9HWF0|RL6_PSEAE	287.DR97_3663	100.0	339.3	rplF	50S ribosomal protein L6; This protein binds to the 23S rRNA, and is important in its secondary structure. It is located near the subunit interface in the base of the L7/L12 stalk, and near the tRNA binding site of the peptidyltransferase center
355	sp|Q9HWE1|RS3_PSEAE	287.DR97_3654	100.0	411.0	rpsC	rpsC_bact: ribosomal protein S3; Belongs to the universal ribosomal protein uS3 family
356	sp|P72173|AAT_PSEAE	287.DR97_4790	99.7	778.1	aspC	annotation not available
357	sp|Q9HVM4|SYI_PSEAE	287.DR97_1864	99.9	1951.8	ileS	Isoleucine--tRNA ligase; Catalyzes the attachment of isoleucine to tRNA(Ile). As IleRS can inadvertently accommodate and process structurally similar amino acids such as valine, to avoid such errors it has two additional distinct tRNA(Ile)-dependent editing activities. One activity is designated as 'pretransfer' editing and involves the hydrolysis of activated Val-AMP. The other activity is designated 'posttransfer' editing and involves deacylation of mischarged Val-tRNA(Ile)
358	sp|Q9HVA2|ILVC_PSEAE	287.DR97_2036	100.0	679.9	ilvC	Ketol-acid reductoisomerase (NADP(+)); Involved in the biosynthesis of branched-chain amino acids (BCAA). Catalyzes an alkyl-migration followed by a ketol- acid reduction of (S)-2-acetolactate (S2AL) to yield (R)-2,3- dihydroxy-isovalerate. In the isomerase reaction, S2AL is rearranged via a Mg-dependent methyl migration to produce 3- hydroxy-3-methyl-2-ketobutyrate (HMKB). In the reductase reaction, this 2-ketoacid undergoes a metal-dependent reduction by NADPH to yield (R)-2,3-dihydroxy-isovalerate; Belongs to the ketol-acid reductoisomerase family
359	sp|Q9HU73|F16PA_PSEAE	287.DR97_2464	100.0	680.2	fbp	annotation not available
360	tr|Q9HTJ6|Q9HTJ6_PSEAE	287.DR97_2735	99.7	523.9	DR97_2735	annotation not available
361	sp|O52759|RS4_PSEAE	287.DR97_3672	100.0	407.1	rpsD	30S ribosomal protein S4; One of the primary rRNA binding proteins, it binds directly to 16S rRNA where it nucleates assembly of the body of the 30S subunit
363	sp|Q51342|PUR1_PSEAE	287.DR97_4825	100.0	1008.1	purF	Amidophosphoribosyltransferase; Catalyzes the formation of phosphoribosylamine from phosphoribosylpyrophosphate (PRPP) and glutamine; In the C-terminal section; belongs to the purine/pyrimidine phosphoribosyltransferase family
364	sp|Q9I2U1|CLPP1_PSEAE	287.DR97_79	100.0	428.7	clpP	ATP-dependent Clp protease proteolytic subunit; Cleaves peptides in various proteins in a process that requires ATP hydrolysis. Has a chymotrypsin-like activity. Plays a major role in the degradation of misfolded proteins; Belongs to the peptidase S14 family
365	sp|Q9HXM6|GUAA_PSEAE	287.DR97_4101	100.0	1063.9	guaA	GMP synthase [glutamine-hydrolyzing]; Catalyzes the synthesis of GMP from XMP
366	tr|Q9I612|Q9I612_PSEAE	287.DR97_3474	99.8	1220.7	DR97_3474	acyl-CoA dehydrogenase, N-terminal domain protein
367	sp|O68282|G6PD_PSEAE	287.DR97_4753	99.8	994.6	zwf1	Glucose-6-phosphate 1-dehydrogenase; Catalyzes the oxidation of glucose 6-phosphate to 6- phosphogluconolactone
368	sp|Q9HZZ2|EFP_PSEAE	287.DR97_5090	100.0	372.1	efp	Elongation factor P; Involved in peptide bond synthesis. Stimulates efficient translation and peptide-bond synthesis on native or reconstituted 70S ribosomes in vitro. Probably functions indirectly by altering the affinity of the ribosome for aminoacyl-tRNA, thus increasing their reactivity as acceptors for peptidyl transferase
369	tr|Q9HX74|Q9HX74_PSEAE	287.DR97_3924	100.0	592.8	tesB	tesB: acyl-CoA thioesterase II
370	sp|Q9I553|SYA_PSEAE	287.DR97_1040	100.0	1627.5	alaS	Alanine--tRNA ligase; Catalyzes the attachment of alanine to tRNA(Ala) in a two-step reaction: alanine is first activated by ATP to form Ala- AMP and then transferred to the acceptor end of tRNA(Ala). Also edits incorrectly charged Ser-tRNA(Ala) and Gly-tRNA(Ala) via its editing domain
371	sp|Q9HUM9|RS6_PSEAE	287.DR97_2286	100.0	216.9	rpsF	30S ribosomal protein S6; Binds together with S18 to 16S ribosomal RNA
372	sp|P34003|AROK_PSEAE	287.DR97_2394	100.0	291.2	aroK	Shikimate kinase; Catalyzes the specific phosphorylation of the 3-hydroxyl group of shikimic acid using ATP as a cosubstrate; Belongs to the shikimate kinase family
373	tr|Q9I043|Q9I043_PSEAE	287.DR97_5143	99.6	478.4	DR97_5143	annotation not available
374	sp|Q9HTZ7|PCKA_PSEAE	287.DR97_2561	99.8	1050.8	pckA	Phosphoenolpyruvate carboxykinase (ATP); Involved in the gluconeogenesis. Catalyzes the conversion of oxaloacetate (OAA) to phosphoenolpyruvate (PEP) through direct phosphoryl transfer between the nucleoside triphosphate and OAA; Belongs to the phosphoenolpyruvate carboxykinase (ATP) family
375	sp|Q9I244|EFG2_PSEAE	287.DR97_5775	99.7	1386.3	fusB	Elongation factor G; Catalyzes the GTP-dependent ribosomal translocation step during translation elongation. During this step, the ribosome changes from the pre-translocational (PRE) to the post- translocational (POST) state as the newly formed A-site-bound peptidyl-tRNA and P-site-bound deacylated tRNA move to the P and E sites, respectively. Catalyzes the coordinated movement of the two tRNA molecules, the mRNA and conformational changes in the ribosome
376	sp|Q9HWF4|RL15_PSEAE	287.DR97_3667	100.0	273.5	rplO	50S ribosomal protein L15; Binds to the 23S rRNA
377	tr|Q9HXJ3|Q9HXJ3_PSEAE	287.DR97_4065	100.0	518.8	DR97_4065	annotation not available
378	sp|G3XCV0|FLEQ_PSEAE	287.DR97_840	100.0	963.4	fleQ	annotation not available
379	tr|Q9I346|Q9I346_PSEAE	287.DR97_209	99.6	512.7	DR97_209	Uncharacterized protein
380	sp|Q9I2A0|LIUE_PSEAE	287.DR97_5837	99.7	591.7	HMGCL	annotation not available
381	sp|Q9I747|HCP1_PSEAE	287.DR97_3042	100.0	270.8	hcp1	annotation not available
383	sp|Q9HV59|PNP_PSEAE	287.DR97_2083	100.0	1345.5	pnp	Polyribonucleotide nucleotidyltransferase; Involved in mRNA degradation. Catalyzes the phosphorolysis of single-stranded polyribonucleotides processively in the 3'- to 5'-direction
384	tr|Q9HTL9|Q9HTL9_PSEAE	287.DR97_2710	100.0	247.7	yabJ_5	annotation not available
385	tr|Q9HXL0|Q9HXL0_PSEAE	287.DR97_4084	100.0	325.1	DR97_4084	Uncharacterized protein
386	sp|P27726|G3P_PSEAE	287.DR97_4741	99.4	657.5	gap1	GAPDH-I: glyceraldehyde-3-phosphate dehydrogenase, type I; Belongs to the glyceraldehyde-3-phosphate dehydrogenase family
387	tr|Q9HXI5|Q9HXI5_PSEAE	287.DR97_4052	99.6	510.0	trmJ	tRNA (cytidine/uridine-2'-O-)-methyltransferase TrmJ; Catalyzes the formation of 2'O-methylated cytidine (Cm32) or 2'O-methylated uridine (Um32) at position 32 in tRNA
388	sp|Q9I6M4|DAVT_PSEAE	287.DR97_3228	100.0	830.5	gabT	4-aminobutyrate aminotransferase GabT; GABAtrnsam: 4-aminobutyrate transaminase; Belongs to the class-III pyridoxal-phosphate-dependent aminotransferase family
389	sp|Q9HT05|RNPA_PSEAE	287.DR97_2948	99.3	273.9	rnpA	Ribonuclease P protein component; RNaseP catalyzes the removal of the 5'-leader sequence from pre-tRNA to produce the mature 5'-terminus. It can also cleave other RNA substrates such as 4.5S RNA. The protein component plays an auxiliary but essential role in vivo by binding to the 5'-leader sequence and broadening the substrate specificity of the ribozyme
390	tr|Q9HZ51|Q9HZ51_PSEAE	287.DR97_4749	99.7	751.9	ugpC	annotation not available
391	sp|Q9HUP3|NADE_PSEAE	287.DR97_2271	100.0	525.0	nadE	NH(3)-dependent NAD(+) synthetase; Catalyzes the ATP-dependent amidation of deamido-NAD to form NAD. Uses ammonia as a nitrogen source
392	sp|Q9HYT6|RAPA_PSEAE	287.DR97_4619	99.9	1875.5	rapA	RNA polymerase-associated protein RapA; Transcription regulator that activates transcription by stimulating RNA polymerase (RNAP) recycling in case of stress conditions such as supercoiled DNA or high salt concentrations. Probably acts by releasing the RNAP, when it is trapped or immobilized on tightly supercoiled DNA. Does not activate transcription on linear DNA. Probably not involved in DNA repair
394	tr|Q9HVQ3|Q9HVQ3_PSEAE	287.DR97_1698	100.0	781.6	ldc	Pyridoxal-dependent decarboxylase, C-terminal sheet domain protein; Belongs to the Orn/Lys/Arg decarboxylase class-II family
395	tr|Q9I045|Q9I045_PSEAE	287.DR97_5145	99.7	760.8	rssB	annotation not available
396	tr|Q9HTF4|Q9HTF4_PSEAE	287.DR97_2787	100.0	902.5	gbcA	annotation not available
397	tr|Q9I5M1|Q9I5M1_PSEAE	287.DR97_1412	99.7	604.4	epsE_4	annotation not available
398	sp|Q9I6A8|IXTPA_PSEAE	287.DR97_3354	100.0	386.3	rdgB	dITP/XTP pyrophosphatase; Pyrophosphatase that catalyzes the hydrolysis of nucleoside triphosphates to their monophosphate derivatives, with a high preference for the non-canonical purine nucleotides XTP (xanthosine triphosphate), dITP (deoxyinosine triphosphate) and ITP. Seems to function as a house-cleaning enzyme that removes non-canonical purine nucleotides from the nucleotide pool, thus preventing their incorporation into DNA/RNA and avoiding chromosomal lesions; Belongs to the HAM1 NTPase family
399	sp|Q9I5H9|UNG_PSEAE	287.DR97_1234	99.6	486.5	ung	Uracil-DNA glycosylase; Excises uracil residues from the DNA which can arise as a result of misincorporation of dUMP residues by DNA polymerase or due to deamination of cytosine
400	sp|Q9I5Y1|ALF_PSEAE	287.DR97_3524	100.0	713.0	fba	fruBisAldo_II_B: fructose-bisphosphate aldolase, class II, Calvin cycle subtype
401	sp|Q9HV53|RIMP_PSEAE	287.DR97_2089	100.0	307.4	rimP	Ribosome maturation factor RimP; Required for maturation of 30S ribosomal subunits
402	tr|Q9I6E3|Q9I6E3_PSEAE	287.DR97_3316	100.0	332.8	folA	Dihydrofolate reductase; Key enzyme in folate metabolism. Catalyzes an essential reaction for de novo glycine and purine synthesis, and for DNA precursor synthesis
403	tr|Q9HYG7|Q9HYG7_PSEAE	287.DR97_4483	100.0	238.0	folX	annotation not available
404	tr|Q9I645|Q9I645_PSEAE	287.DR97_3441	99.2	501.9	psfA	Glutathione S-transferase, N-terminal domain protein
405	sp|Q9HTV1|RHO_PSEAE	287.DR97_2609	100.0	818.5	rho	Transcription termination factor Rho; Facilitates transcription termination by a mechanism that involves Rho binding to the nascent RNA, activation of Rho's RNA-dependent ATPase activity, and release of the mRNA from the DNA template
406	sp|Q9HWD0|RS12_PSEAE	287.DR97_3643	100.0	250.0	rpsL	30S ribosomal protein S12; Interacts with and stabilizes bases of the 16S rRNA that are involved in tRNA selection in the A site and with the mRNA backbone. Located at the interface of the 30S and 50S subunits, it traverses the body of the 30S subunit contacting proteins on the other side and probably holding the rRNA structure together. The combined cluster of proteins S8, S12 and S17 appears to hold together the shoulder and platform of the 30S subunit
407	sp|Q9HWC5|RL11_PSEAE	287.DR97_3637	100.0	273.9	rplK	50S ribosomal protein L11; Forms part of the ribosomal stalk which helps the ribosome interact with GTP-bound translation factors
408	sp|P72174|UVRB_PSEAE	287.DR97_4791	100.0	1296.2	uvrB	UvrABC system protein B; The UvrABC repair system catalyzes the recognition and processing of DNA lesions. A damage recognition complex composed of 2 UvrA and 2 UvrB subunits scans DNA for abnormalities. Upon binding of the UvrA(2)B(2) complex to a putative damaged site, the DNA wraps around one UvrB monomer. DNA wrap is dependent on ATP binding by UvrB and probably causes local melting of the DNA helix, facilitating insertion of UvrB beta-hairpin between the DNA strands. Then UvrB probes one DNA strand for the presence of a lesion. If a lesion is found the UvrA subunits dissociate and [...] 
409	tr|Q9I5Y6|Q9I5Y6_PSEAE	287.DR97_3518	100.0	555.8	ygbM_1	annotation not available
410	tr|Q9I2U9|Q9I2U9_PSEAE	287.DR97_93	100.0	336.7	ppiB	Peptidyl-prolyl cis-trans isomerase; PPIases accelerate the folding of proteins. It catalyzes the cis-trans isomerization of proline imidic peptide bonds in oligopeptides
411	sp|Q9I7C2|GYRB_PSEAE	287.DR97_2953	100.0	1604.7	gyrB	DNA gyrase subunit B; A type II topoisomerase that negatively supercoils closed circular double-stranded (ds) DNA in an ATP-dependent manner to modulate DNA topology and maintain chromosomes in an underwound state. Negative supercoiling favors strand separation, and DNA replication, transcription, recombination and repair, all of which involve strand separation. Also able to catalyze the interconversion of other topological isomers of dsDNA rings, including catenanes and knotted rings. Type II topoisomerases break and join 2 DNA strands simultaneously in an ATP-dependent manner
412	sp|Q9I4S5|PDXH_PSEAE	287.DR97_895	99.5	450.7	DR97_895	Pyridoxine/pyridoxamine 5'-phosphate oxidase; Catalyzes the oxidation of either pyridoxine 5'- phosphate (PNP) or pyridoxamine 5'-phosphate (PMP) into pyridoxal 5'-phosphate (PLP)
413	tr|Q9HUE7|Q9HUE7_PSEAE	287.DR97_2377	100.0	1926.4	aefA	annotation not available
414	tr|Q9HX10|Q9HX10_PSEAE	287.DR97_3850	100.0	424.9	DR97_3850	annotation not available
415	tr|Q9HVU9|Q9HVU9_PSEAE	287.DR97_1651	99.8	870.9	pmbA	annotation not available
416	tr|Q9HYT5|Q9HYT5_PSEAE	287.DR97_4618	100.0	285.0	DR97_4618	annotation not available
417	sp|Q9I4L1|DGTP_PSEAE	287.DR97_810	99.6	1003.8	dgt	Probable deoxyguanosinetriphosphate triphosphohydrolase; dGTPase preferentially hydrolyzes dGTP over the other canonical NTPs
418	sp|P19572|DCDA_PSEAE	287.DR97_2648	99.8	820.1	lysA	Diaminopimelate decarboxylase; Specifically catalyzes the decarboxylation of meso- diaminopimelate (meso-DAP) to L-lysine
419	tr|Q9I0T3|Q9I0T3_PSEAE	287.DR97_5619	100.0	616.7	leuO_3	annotation not available
420	sp|P29363|THRC_PSEAE	287.DR97_4142	99.6	944.1	thrC	thrC: threonine synthase
421	tr|G3XCU6|G3XCU6_PSEAE	287.DR97_132	100.0	652.5	cysB	annotation not available
422	tr|Q9I7C1|Q9I7C1_PSEAE	287.DR97_2958	100.0	521.9	plsC	annotation not available
423	tr|Q9HTW8|Q9HTW8_PSEAE	287.DR97_2591	100.0	328.2	DR97_2591	Conserved hypothetical protein
424	sp|Q9I3I5|ZIPA_PSEAE	287.DR97_408	100.0	515.0	zipA	Cell division protein ZipA; Essential cell division protein that stabilizes the FtsZ protofilaments by cross-linking them and that serves as a cytoplasmic membrane anchor for the Z ring. Also required for the recruitment to the septal ring of downstream cell division proteins
425	tr|Q9HUM7|Q9HUM7_PSEAE	287.DR97_2288	99.8	1696.8	rnr	Ribonuclease R; 3'-5' exoribonuclease that releases 5'-nucleoside monophosphates and is involved in maturation of structured RNAs
426	tr|Q9HTM3|Q9HTM3_PSEAE	287.DR97_2706	100.0	537.7	yicC	YicC family protein
427	sp|Q9HWE2|RL16_PSEAE	287.DR97_3655	100.0	268.1	rplP	50S ribosomal protein L16; Binds 23S rRNA and is also seen to make contacts with the A and possibly P site tRNAs
428	sp|Q9HUC0|UBIE_PSEAE	287.DR97_2418	100.0	515.4	ubiE	Ubiquinone/menaquinone biosynthesis C-methyltransferase UbiE; Methyltransferase required for the conversion of demethylmenaquinol (DMKH2) to menaquinol (MKH2) and the conversion of 2-polyprenyl-6-methoxy-1,4-benzoquinol (DDMQH2) to 2- polyprenyl-3-methyl-6-methoxy-1,4-benzoquinol (DMQH2)
429	sp|Q9HY72|Y3539_PSEAE	287.DR97_4403	100.0	524.6	DR97_4403	UPF0246 protein AOY09_04886; Belongs to the UPF0246 family
430	sp|P65116|IF1_PSEAE	287.DR97_5343	100.0	147.1	infA	Translation initiation factor IF-1; One of the essential components for the initiation of protein synthesis. Stabilizes the binding of IF-2 and IF-3 on the 30S subunit to which N-formylmethionyl-tRNA(fMet) subsequently binds. Helps modulate mRNA selection, yielding the 30S pre- initiation complex (PIC). Upon addition of the 50S ribosomal subunit IF-1, IF-2 and IF-3 are released leaving the mature 70S translation initation complex
431	sp|Q9HV51|TPIS_PSEAE	287.DR97_2092	100.0	477.2	tpiA	Triosephosphate isomerase; Involved in the gluconeogenesis. Catalyzes stereospecifically the conversion of dihydroxyacetone phosphate (DHAP) to D-glyceraldehyde-3-phosphate (G3P); Belongs to the triosephosphate isomerase family
432	tr|Q9HTY9|Q9HTY9_PSEAE	287.DR97_2569	100.0	490.7	ompR3	Transcriptional regulatory , C terminal family protein
433	tr|Q9I4Q3|Q9I4Q3_PSEAE	287.DR97_867	100.0	253.8	DR97_867	Acetyl-CoA carboxylase alpha subunit
434	tr|Q9I521|Q9I521_PSEAE	287.DR97_1002	100.0	224.9	yaiL	Nucleoprotein/polynucleotide-associated enzyme
435	sp|P38103|DAPB_PSEAE	287.DR97_2103	100.0	517.3	dapB	4-hydroxy-tetrahydrodipicolinate reductase; Catalyzes the conversion of 4-hydroxy- tetrahydrodipicolinate (HTPA) to tetrahydrodipicolinate
436	tr|Q9I300|Q9I300_PSEAE	287.DR97_149	99.9	1395.6	DR97_149	annotation not available
437	tr|Q9I2R2|Q9I2R2_PSEAE	287.DR97_45	100.0	641.3	yhfP	oxido_YhdH: quinone oxidoreductase, YhdH/YhfP family protein
438	tr|Q9I714|Q9I714_PSEAE	287.DR97_3075	99.5	401.0	nsaD	annotation not available
439	sp|Q9HXP9|RS16_PSEAE	287.DR97_4131	100.0	167.9	rpsP	S16: ribosomal protein S16; Belongs to the bacterial ribosomal protein bS16 family
440	sp|P72157|PURE_PSEAE	287.DR97_2803	100.0	315.8	purE	N5-carboxyaminoimidazole ribonucleotide mutase; Catalyzes the conversion of N5-carboxyaminoimidazole ribonucleotide (N5-CAIR) to 4-carboxy-5-aminoimidazole ribonucleotide (CAIR)
441	sp|Q9HWE6|RL24_PSEAE	287.DR97_3659	100.0	205.7	rplX	50S ribosomal protein L24; One of the proteins that surrounds the polypeptide exit tunnel on the outside of the subunit
442	tr|Q9I490|Q9I490_PSEAE	287.DR97_683	99.7	605.1	DR97_683	annotation not available
443	sp|O52761|RL17_PSEAE	287.DR97_3674	100.0	251.1	rplQ	L17: ribosomal protein L17
444	sp|Q9HXY2|UPPS_PSEAE	287.DR97_4287	100.0	502.7	uppS	Ditrans,polycis-undecaprenyl-diphosphate synthase ((2E,6E)-farnesyl-diphosphate specific); Catalyzes the sequential condensation of isopentenyl diphosphate (IPP) with (2E,6E)-farnesyl diphosphate (E,E-FPP) to yield (2Z,6Z,10Z,14Z,18Z,22Z,26Z,30Z,34E,38E)-undecaprenyl diphosphate (di-trans,octa-cis-UPP). UPP is the precursor of glycosyl carrier lipid in the biosynthesis of bacterial cell wall polysaccharide components such as peptidoglycan and lipopolysaccharide
445	sp|Q9I0L2|MNMA_PSEAE	287.DR97_5336	99.7	776.5	trmU	tRNA-specific 2-thiouridylase MnmA; Catalyzes the 2-thiolation of uridine at the wobble position (U34) of tRNA, leading to the formation of s(2)U34
446	sp|G3XD64|FLEN_PSEAE	287.DR97_569	100.0	535.4	fleN	annotation not available
447	sp|Q9HU56|SECB_PSEAE	287.DR97_2482	100.0	324.7	secB	Protein-export protein SecB; One of the proteins required for the normal export of preproteins out of the cell cytoplasm. It is a molecular chaperone that binds to a subset of precursor proteins, maintaining them in a translocation-competent state. It also specifically binds to its receptor SecA
448	tr|Q9HU24|Q9HU24_PSEAE	287.DR97_2529	99.7	736.9	rfbB	dTDP_gluc_dehyt: dTDP-glucose 4,6-dehydratase; Belongs to the NAD(P)-dependent epimerase/dehydratase family. dTDP-glucose dehydratase subfamily
449	sp|Q9HZA4|LEUD_PSEAE	287.DR97_4813	100.0	449.1	leuD	3-isopropylmalate dehydratase small subunit; Catalyzes the isomerization between 2-isopropylmalate and 3-isopropylmalate, via the formation of 2-isopropylmaleate; Belongs to the LeuD family. LeuD type 1 subfamily
450	sp|P57668|TPX_PSEAE	287.DR97_5639	100.0	324.3	tpx	Thiol peroxidase; Thiol-specific peroxidase that catalyzes the reduction of hydrogen peroxide and organic hydroperoxides to water and alcohols, respectively. Plays a role in cell protection against oxidative stress by detoxifying peroxides; Belongs to the peroxiredoxin family. Tpx subfamily
451	sp|Q9I3D8|Y1579_PSEAE	287.DR97_355	100.0	409.5	DR97_355	annotation not available
452	sp|Q9HUB5|TATA_PSEAE	287.DR97_2423	100.0	161.4	tatA	Sec-independent protein translocase protein TatA; Part of the twin-arginine translocation (Tat) system that transports large folded proteins containing a characteristic twin-arginine motif in their signal peptide across membranes. TatA could form the protein-conducting channel of the Tat system
453	tr|Q9HUN7|Q9HUN7_PSEAE	287.DR97_2278	99.0	1638.6	DR97_2278	annotation not available
454	sp|O30508|ARUC_PSEAE	287.DR97_1048	99.8	807.7	aruC	annotation not available
455	sp|Q9HX97|MOAE_PSEAE	287.DR97_3950	100.0	315.8	moaE	annotation not available
456	tr|Q9I348|Q9I348_PSEAE	287.DR97_211	100.0	390.2	DR97_211	annotation not available
457	sp|Q9I291|GALU_PSEAE	287.DR97_5824	100.0	571.6	galU	galU: UTP-glucose-1-phosphate uridylyltransferase
458	sp|Q9I685|SAHH_PSEAE	287.DR97_3400	100.0	948.3	ahcY	Adenosylhomocysteinase; May play a key role in the regulation of the intracellular concentration of adenosylhomocysteine
459	tr|Q9I730|Q9I730_PSEAE	287.DR97_3059	99.6	495.4	cynT1	Carbonic anhydrase; Reversible hydration of carbon dioxide
460	tr|Q9I0M2|Q9I0M2_PSEAE	287.DR97_5346	99.4	630.6	trxB3	TRX_reduct: thioredoxin-disulfide reductase; Belongs to the class-II pyridine nucleotide-disulfide oxidoreductase family
461	sp|Q9HZ66|SERC_PSEAE	287.DR97_4769	99.7	731.9	serC	Phosphoserine aminotransferase; Catalyzes the reversible conversion of 3- phosphohydroxypyruvate to phosphoserine and of 3-hydroxy-2-oxo-4- phosphonooxybutanoate to phosphohydroxythreonine; Belongs to the class-V pyridoxal-phosphate-dependent aminotransferase family. SerC subfamily
462	sp|Q9HWE4|RS17_PSEAE	287.DR97_3657	100.0	172.6	rpsQ	30S ribosomal protein S17; One of the primary rRNA binding proteins, it binds specifically to the 5'-end of 16S ribosomal RNA
463	sp|Q9HTL0|DBHA_PSEAE	287.DR97_2719	100.0	174.5	hupB_1	DNA-binding protein HU-alpha; Histone-like DNA-binding protein which is capable of wrapping DNA to stabilize it, and thus to prevent its denaturation under extreme environmental conditions
464	tr|Q9I2R7|Q9I2R7_PSEAE	287.DR97_51	100.0	494.2	fabG_17	annotation not available
465	tr|Q9HUD4|Q9HUD4_PSEAE	287.DR97_2392	99.3	852.4	DR97_2392	annotation not available
466	sp|Q9HXU0|SYK_PSEAE	287.DR97_4177	99.8	986.9	lysS	lysS_bact: lysine--tRNA ligase; Belongs to the class-II aminoacyl-tRNA synthetase family
467	sp|Q9HZ76|WBPE_PSEAE	287.DR97_4390	31.7	172.9	arnB	UDP-4-amino-4-deoxy-L-arabinose--oxoglutarate aminotransferase; Catalyzes the conversion of UDP-4-keto-arabinose (UDP- Ara4O) to UDP-4-amino-4-deoxy-L-arabinose (UDP-L-Ara4N). The modified arabinose is attached to lipid A and is required for resistance to polymyxin and cationic antimicrobial peptides; Belongs to the DegT/DnrJ/EryC1 family. ArnB subfamily
468	sp|Q9HWD7|RL23_PSEAE	287.DR97_3650	100.0	194.1	rplW	50S ribosomal protein L23; One of the early assembly proteins it binds 23S rRNA. One of the proteins that surrounds the polypeptide exit tunnel on the outside of the ribosome. Forms the main docking site for trigger factor binding to the ribosome
469	sp|P47205|LPXC_PSEAE	287.DR97_1584	100.0	591.3	lpxC	UDP-3-O-acyl-N-acetylglucosamine deacetylase; Catalyzes the hydrolysis of UDP-3-O-myristoyl-N- acetylglucosamine to form UDP-3-O-myristoylglucosamine and acetate, the committed step in lipid A biosynthesis; Belongs to the LpxC family
470	tr|Q9I2Q7|Q9I2Q7_PSEAE	287.DR97_41	100.0	1123.6	cysI	annotation not available
471	sp|Q9HT19|ATPG_PSEAE	287.DR97_2934	100.0	550.1	atpG	ATP synthase gamma chain; Produces ATP from ADP in the presence of a proton gradient across the membrane. The gamma chain is believed to be important in regulating ATPase activity and the flow of protons through the CF(0) complex
472	sp|Q9HVX6|SYW_PSEAE	287.DR97_1617	100.0	870.9	trpS	trpS: tryptophan--tRNA ligase
473	sp|Q9HVE6|UPP_PSEAE	287.DR97_1955	100.0	409.8	upp	Uracil phosphoribosyltransferase; Catalyzes the conversion of uracil and 5-phospho-alpha- D-ribose 1-diphosphate (PRPP) to UMP and diphosphate
474	sp|Q9HTX5|GCST_PSEAE	287.DR97_2584	100.0	724.2	gcvT1	Aminomethyltransferase; The glycine cleavage system catalyzes the degradation of glycine
475	tr|Q9I3B2|Q9I3B2_PSEAE	287.DR97_280	99.5	799.7	fabB	3-oxoacyl-[acyl-carrier-protein] synthase 1; Thiolase, N-terminal domain protein; Belongs to the beta-ketoacyl-ACP synthases family
476	sp|Q9S586|GPH1_PSEAE	287.DR97_3577	99.6	544.3	gph1	PGP_bact: phosphoglycolate phosphatase, bacterial
477	sp|Q9HXI4|SUHB_PSEAE	287.DR97_4051	100.0	541.6	suhB	annotation not available
478	sp|P43904|AROE_PSEAE	287.DR97_2978	100.0	548.5	aroE	Shikimate dehydrogenase (NADP(+)); Involved in the biosynthesis of the chorismate, which leads to the biosynthesis of aromatic amino acids. Catalyzes the reversible NADPH linked reduction of 3-dehydroshikimate (DHSA) to yield shikimate (SA)
479	tr|Q9HY77|Q9HY77_PSEAE	287.DR97_4409	100.0	223.8	grxD	annotation not available
480	tr|Q9HXI0|Q9HXI0_PSEAE	287.DR97_4047	100.0	217.2	yajC	yajC: preprotein translocase, YajC subunit
481	sp|O87125|CHEB1_PSEAE	287.DR97_564	99.7	636.0	cheB1	Chemotaxis response regulator protein-glutamate methylesterase; Involved in the modulation of the chemotaxis system; catalyzes the demethylation of specific methylglutamate residues introduced into the chemoreceptors (methyl-accepting chemotaxis proteins) by CheR
482	sp|Q9I433|PHNX_PSEAE	287.DR97_483	99.6	555.8	phnX	Phosphonoacetaldehyde hydrolase; Involved in phosphonate degradation; Belongs to the HAD-like hydrolase superfamily. PhnX family
483	sp|Q9HW93|PCTC_PSEAE	287.DR97_1482	99.8	1068.9	pctC	annotation not available
484	sp|Q9I7C4|DPO3B_PSEAE	287.DR97_2951	99.7	708.4	dnaN	Beta sliding clamp; Confers DNA tethering and processivity to DNA polymerases and other proteins. Acts as a clamp, forming a ring around DNA (a reaction catalyzed by the clamp-loading complex) which diffuses in an ATP-independent manner freely and bidirectionally along dsDNA. Initially characterized for its ability to contact the catalytic subunit of DNA polymerase III (Pol III), a complex, multichain enzyme responsible for most of the replicative synthesis in bacteria; Pol III exhibits 3'-5' exonuclease proofreading activity. The beta chain is required for initiation of replication as [...] 
485	sp|P30819|NADC_PSEAE	287.DR97_1703	99.6	545.4	nadC	nadC: nicotinate-nucleotide diphosphorylase; Belongs to the NadC/ModD family
486	sp|Q9I3E3|PPNP_PSEAE	287.DR97_361	100.0	190.3	ppnP	Pyrimidine/purine nucleoside phosphorylase; Catalyzes the phosphorolysis of diverse nucleosides, yielding D-ribose 1-phosphate and the respective free bases. Can use uridine, adenosine, guanosine, cytidine, thymidine, inosine and xanthosine as substrates. Also catalyzes the reverse reactions
487	sp|O50175|ASTB_PSEAE	287.DR97_1044	100.0	895.6	astB	N-succinylarginine dihydrolase; Catalyzes the hydrolysis of N(2)-succinylarginine into N(2)-succinylornithine, ammonia and CO(2)
488	sp|P07344|TRPA_PSEAE	287.DR97_2989	99.3	522.3	trpA	Tryptophan synthase alpha chain; The alpha subunit is responsible for the aldol cleavage of indoleglycerol phosphate to indole and glyceraldehyde 3- phosphate; Belongs to the TrpA family
489	sp|P32722|PORD_PSEAE	287.DR97_979	94.6	844.3	oprD5	annotation not available
490	sp|P33883|LASI_PSEAE	287.DR97_591	100.0	406.4	lasI	annotation not available
491	sp|P34002|AROB_PSEAE	287.DR97_2393	99.5	734.2	aroB	3-dehydroquinate synthase; Catalyzes the conversion of 3-deoxy-D-arabino- heptulosonate 7-phosphate (DAHP) to dehydroquinate (DHQ)
492	sp|P55218|METZ_PSEAE	287.DR97_4826	99.8	788.9	metZ	O_suc_HS_sulf: O-succinylhomoserine sulfhydrylase
493	sp|P72158|PURK_PSEAE	287.DR97_2802	99.7	716.8	purK	N5-carboxyaminoimidazole ribonucleotide synthase; Catalyzes the ATP-dependent conversion of 5- aminoimidazole ribonucleotide (AIR) and HCO(3)(-) to N5- carboxyaminoimidazole ribonucleotide (N5-CAIR)
494	sp|Q51385|RLMN_PSEAE	287.DR97_4063	100.0	758.4	rlmN	Dual-specificity RNA methyltransferase RlmN; Specifically methylates position 2 of adenine 2503 in 23S rRNA and position 2 of adenine 37 in tRNAs
495	tr|Q9HUG4|Q9HUG4_PSEAE	287.DR97_2356	100.0	637.9	DR97_2356	annotation not available
496	sp|Q9HUJ2|THIC_PSEAE	287.DR97_2326	99.8	1286.9	thiC	Phosphomethylpyrimidine synthase; Catalyzes the synthesis of the hydroxymethylpyrimidine phosphate (HMP-P) moiety of thiamine from aminoimidazole ribotide (AIR) in a radical S-adenosyl-L-methionine (SAM)-dependent reaction
497	sp|Q9HWF9|BFR_PSEAE	287.DR97_3676	99.4	313.5	bfr1	Bacterioferritin; Iron-storage protein, whose ferroxidase center binds Fe(2+) ions, oxidizes them by dioxygen to Fe(3+), and participates in the subsequent Fe(3+) oxide mineral core formation within the central cavity of the protein complex
498	tr|Q9HYE0|Q9HYE0_PSEAE	287.DR97_4455	99.8	779.2	srmB	ATP-dependent RNA helicase; Helicase conserved C-terminal domain protein; Belongs to the DEAD box helicase family
499	tr|Q9HYI8|Q9HYI8_PSEAE	287.DR97_4504	99.7	733.4	pdhA	Uncharacterized protein; PDH_E1_alph_x: pyruvate dehydrogenase (acetyl-transferring) E1 component, alpha subunit
500	tr|Q9HZ32|Q9HZ32_PSEAE	287.DR97_4728	100.0	372.9	ydjA_2	annotation not available
501	tr|Q9HZU4|Q9HZU4_PSEAE	287.DR97_5038	99.1	1067.0	cobJ	cobJ_cbiH: precorrin-3B C17-methyltransferase
502	sp|Q9I2A8|ATOB_PSEAE	287.DR97_5847	99.7	748.0	atoB	acCoA-C-Actrans: acetyl-CoA C-acetyltransferase family protein; Belongs to the thiolase family
503	sp|Q9I351|GCH12_PSEAE	287.DR97_214	100.0	348.6	folE3	folE: GTP cyclohydrolase I
504	tr|Q9I5B9|Q9I5B9_PSEAE	287.DR97_1163	99.1	474.6	DR97_1163	Conserved hypothetical protein
505	tr|Q9I6I9|Q9I6I9_PSEAE	287.DR97_3264	100.0	763.5	potG	Spermidine/putrescine import ATP-binding protein PotA; Part of the ABC transporter complex PotABCD involved in spermidine/putrescine import. Responsible for energy coupling to the transport system
506	sp|Q9I740|TSI6_PSEAE	287.DR97_3049	100.0	184.9	DR97_3049	Uncharacterized protein
507	sp|Q9Z9H0|GLND_PSEAE	287.DR97_4281	99.9	1807.3	glnD	Bifunctional uridylyltransferase/uridylyl-removing enzyme; Modifies, by uridylylation and deuridylylation, the PII regulatory proteins (GlnB and homologs), in response to the nitrogen status of the cell that GlnD senses through the glutamine level. Under low glutamine levels, catalyzes the conversion of the PII proteins and UTP to PII-UMP and PPi, while under higher glutamine levels, GlnD hydrolyzes PII-UMP to PII and UMP (deuridylylation). Thus, controls uridylylation state and activity of the PII proteins, and plays an important role in the regulation of nitrogen metabolism
508	TrEMBL|U5QU30|Release	287.DR97_3426	100.0	1702.6	clpB1	annotation not available
509	TrEMBL|U5QWA3|Release	287.DR97_5919	99.7	1521.5	DR97_5919	Uncharacterized protein
510	TrEMBL|U5QX07|Release	287.DR97_798	100.0	479.6	DR97_798	annotation not available
511	TrEMBL|U5QYG8|Release	287.DR97_4936	99.6	948.3	DR97_4936	Uncharacterized protein; GAPDH-I: glyceraldehyde-3-phosphate dehydrogenase, type I; Belongs to the glyceraldehyde-3-phosphate dehydrogenase family
512	TrEMBL|U5QZV2|Release	287.DR97_600	100.0	817.8	bdlA	annotation not available
513	TrEMBL|U5R033|Release	287.DR97_3098	100.0	641.0	DR97_3098	PPK2_P_aer: polyphosphate kinase 2
514	TrEMBL|U5R0P3|Release	287.DR97_2611	99.9	1405.2	ppk1	Polyphosphate kinase; Catalyzes the reversible transfer of the terminal phosphate of ATP to form a long-chain polyphosphate (polyP); Belongs to the polyphosphate kinase 1 (PPK1) family
516	TrEMBL|U5R104|Release	287.DR97_4643	100.0	729.6	fabH-2	annotation not available
517	TrEMBL|U5R3C8|Release	287.DR97_4772	99.7	1453.7	aroA	3-phosphoshikimate 1-carboxyvinyltransferase; Catalyzes the transfer of the enolpyruvyl moiety of phosphoenolpyruvate (PEP) to the 5-hydroxyl of shikimate-3- phosphate (S3P) to produce enolpyruvyl shikimate-3-phosphate and inorganic phosphate
518	TrEMBL|U5R4N6|Release	287.DR97_4005	99.6	845.1	rhlB	ATP-dependent RNA helicase RhlB; DEAD-box RNA helicase involved in RNA degradation. Has RNA-dependent ATPase activity and unwinds double-stranded RNA; Belongs to the DEAD box helicase family. RhlB subfamily
519	TrEMBL|U5R4Y8|Release	287.DR97_4745	99.4	913.7	DR97_4745	annotation not available
